mode,label,repair_score,repair_gain,identity_restore,scene_restore,direction_restore,score_boundary
illegal_truth,Illegal truth access,0.90646893596232,0.5389177017472202,0.9057266214829469,0.90646893596232,0.9051530729543557,0.8326128467722307
current,Current local access,0.904728035521097,0.5366940949961626,0.9039490496875399,0.904728035521097,0.9034480867201317,0.8307734579292541
delayed,Delayed local access,0.9044581082816013,0.5259899245768842,0.9037170824560209,0.9044581082816013,0.9029954812435466,0.8283968723198335
low_noise,Low-noise local access,0.8195622155708423,0.46807256546596276,0.8187119160606422,0.8195622155708423,0.8179300480616026,0.7488494005214406
no_helper,No helper access,0.7907015272711664,0.40811375036101394,0.7895602647874808,0.7907015272711664,0.7889091732765232,0.7136868662932024
high_noise,High-noise local access,0.7835199432281631,0.4176739222195327,0.7826532085133935,0.7835199432281631,0.7819325610703711,0.7099392847598143
