family,label,access_fidelity,repair_score,repair_gain,shared_overlap_after_damage,trigger_rate,score_event,score_core
stale_same,Stale same wake,0.999739425859136,0.7826547825011618,0.28469712317132906,0.8914235893586253,0.9764776839565742,0.6929997344024263,0.5997870397978482
delayed_blend,Delayed blended wake,0.9997376655854292,0.7823664903663996,0.2851791680725532,0.890709363479383,0.9717514124293786,0.6929359596889991,0.5997429924158085
no_return,No return,0.99973946839014,0.7391779364431705,0.2396119279802915,0.8694250548295442,0.9772063120981882,0.6609575080516568,0.558888600815975
cross_family,Cross-family wake,0.9997375928298129,0.7519547263580837,0.25587592549061217,0.60957000262899,0.9774881516587678,0.631329950832824,0.532165497451731
nearby_shift,Nearby shifted wake,0.9997389762945701,0.7475148246899102,0.24924276927741484,0.6089633805612106,0.9698224852071006,0.6276953217677886,0.5274232859056072
shuffled,Shuffled wake,0.9997383235849822,0.742587923125784,0.24273924912032316,0.631391625210386,0.9724770642201835,0.6273839563286757,0.5259690088362899
