policy,label,repair_score,repair_gain,identity_restore,scene_restore,direction_restore,missing_share,wrong_share,overload_share,score_mixed
always_layered,Always layered,0.9063150308997018,0.5421555443667319,0.9057820830428105,0.9063150308997018,0.905080929056336,0.30537883169462116,0.34123770965876227,0.3533834586466165,0.8331914287452247
adaptive_damage,Adaptive by damage,0.9048653384558489,0.538434210633154,0.9041280294746068,0.9048653384558489,0.9035459190073969,0.32028898254063815,0.33594220349187237,0.3437688139674895,0.8312337381777939
adaptive_balanced,Adaptive balanced,0.9031748054421563,0.5383066201399175,0.9023996128847618,0.9031748054421563,0.9019037983523378,0.3319302465423933,0.3349368610944077,0.33313289236319904,0.8298554788067568
always_deep,Always deep,0.9025458245878047,0.5376812253974771,0.9017492980060783,0.9025458245878047,0.901040835746566,0.34613077384523094,0.33713257348530296,0.3167366526694661,0.8291878511072082
always_fresh,Always fresh,0.9045679193577513,0.5260997356530341,0.9037146085813667,0.9045679193577513,0.9030206896981895,0.34299516908212563,0.3146135265700483,0.3423913043478261,0.8284715360125967
no_return,No return,0.5847018700213759,0.2166679294964414,0.5832180646019247,0.5847018700213759,0.5827659159593005,0.3310104529616725,0.3327526132404181,0.3362369337979094,0.5105079277231874
