family,label,access_fidelity,recovery_gain,redundancy_score,shared_overlap,compression_stability,structure_balance,top_overlap,entropy,score,score_no_balance,score_channel_core
tribonacci_control,non-Fibonacci control,0.9846775320757002,0.023338773658716477,0.9717293522075772,0.9163945081496652,0.9821679672377148,0.9884699361318358,0.8854166666666666,0.6069180383208985,0.798408500684511,0.7771527653862947,0.7274491927192164
fibonacci,Fibonacci,0.9907820213311166,0.014768181572437812,0.9819028952399378,0.9819610870061143,0.9903010131904133,0.761749386489254,1.0,0.4570496318935524,0.7891193333622571,0.7921435087615392,0.7427945930036517
binary_abelian,binary abelian,0.9798486601541305,0.028816401882952446,0.9614109423397456,0.8142032251654827,0.9854520799616111,0.916177975849663,0.7034722222222222,0.6502932144902022,0.773258205203146,0.7569789996101834,0.7043520791350102
generic_ternary,generic ternary,0.9629921159514647,0.053629449504481404,0.9312739073742675,0.7331223291227719,0.9658353258573318,0.6041396275587726,0.5958964646464646,0.8375162234647364,0.7213311931020736,0.733825860803344,0.681747939829681
