policy,repair_score,repair_gain,identity_restore,scene_restore,direction_restore,score_learned,learned_map
always_fresh,0.8682833058285924,0.5008326969661191,0.867359077240197,0.8682833058285924,0.8668427362575124,0.7943922529027567,
adaptive_context,0.8659836677595121,0.508752182836807,0.8652299617162871,0.8659836677595121,0.8647699295314485,0.7942045688321167,
always_layered,0.8665013801655386,0.5050667548832046,0.8657966753488893,0.8665013801655386,0.8650947585482586,0.79386252090315,
learned_context,0.866669781814204,0.5003619630491726,0.8658462604970136,0.866669781814204,0.8651851400984862,0.793020817540402,missing/current->deep_trace;missing/delayed->deep_trace;missing/noisy->layered_recent_deep;overload/current->deep_trace;overload/delayed->fresh_echo;overload/noisy->deep_trace;wrong/current->layered_recent_deep;wrong/delayed->layered_recent_deep;wrong/noisy->layered_recent_deep
always_deep,0.8693258653071296,0.48880229716886137,0.8684548370981358,0.8693258653071296,0.8678670305938094,0.7928281208306792,
