mode,best_anchor,best_composite,mean_composite,mean_revision_rate,mean_embodied_cost,mean_instability
real,noble_1,0.828377744950841,0.7234398338603086,0.5057807288740898,0.030300536057339744,0.056503174895512966
random_projection,fib_13_21,0.854200955748924,0.759323253959803,0.5096918583685586,0.03035872668491118,0.05661875330795988
phase_scrambled,silver,0.8655994370546208,0.7563979094298217,0.5055474552211143,0.03032279389532565,0.05655926774890036
