lane,golden_score,golden_robustness
v41b_field_stack,0.8231771506985186,0.10449408621939449
v48_window_band,0.8231771506985186,0.041837775098057306
v52_window_plasticity,0.8177331950387593,0.03022970168876349
v54_related_plasticity,0.8177331950387593,0.008148318656487796
v51_plasticity,0.8177331950387593,0.007154366548441482
v51b_plasticity_nulls,0.8177331950387593,0.006825797676578982
v53_binding_plasticity,0.8177331950387593,0.002321051688553344
