cluster,semantic,damage_helper_cos,damage_wake_cos,damage_deep_cos,helper_wake_cos,helper_deep_cos,damage_helper_overlap,damage_deep_overlap,damage_entropy,helper_entropy,entropy_gap
0,fibonacci_like,-0.9058572052296432,-0.8266181235341997,-0.8288609769936195,-0.376317002372216,-0.3330319330923291,-0.10236461136091915,-0.31896775420199625,-0.9992207028722643,-0.240004105305585,0.9954604123611562
1,generic_ternary_like,0.8916948359443633,0.8136945953491528,0.8159023835479928,0.37043358021119915,0.3278252391532547,0.10076422068176917,0.3139809427053837,0.9835986682846098,0.23625182873228143,-0.97989716697618
