cluster,semantic,familiarity,surprise,inertia,openness,deep_pull,wake_pull,novel_but_fits,foreign_pressure,novel_fit_raw,foreign_pressure_raw,belief_tension
0,fibonacci_like,-0.48160186817545647,0.7115320359441868,0.5028859872619481,-0.5028859872627761,-0.4219927711837505,-0.48958112960884537,0.6603930597907636,0.6496381324023615,0.656732618707963,0.6487808278023628,-0.2545837394683714
1,generic_ternary_like,0.6967695311515537,-1.0294267440497322,-0.7275628620287933,0.7275628620279675,0.6105285812968261,0.7083137269183346,-0.9554401530653773,-0.9398801932538187,-0.9501443185065633,-0.9386398664119574,0.368325383496129
