cluster,semantic,familiarity,surprise,inertia,novel_but_fits,foreign_pressure
0,fibonacci_like,-0.4426173424457177,0.7176404453031288,0.42646586300819744,0.6774972009129516,0.6246072527423872
1,generic_ternary_like,0.689220035645684,-1.1174712914762244,-0.6640698163360871,-1.0549623798808065,-0.9726049833947433
