representation,train_best_alignment,test_transfer_alignment,test_best_alignment,kmeans_loss
strange_features,0.5716267776621575,0.7481850160916099,0.7481850160916099,30609.979264119316
belief_features,0.5969476240027749,0.7105755557218771,0.7105755557218771,121641.10539235835
groove_features,0.6143897725583469,0.6527580270937804,0.6527580270937804,46165.316385965045
base_features,0.5046826222684704,0.5844996631988624,0.5844996631988624,110376.82820249158
