cluster,semantic,familiarity,surprise,strangely_familiar,strangely_foreign
0,generic_ternary_like,0.6131458442448239,-1.034076867600615,-0.9738957107926502,-0.8989555737699437
1,fibonacci_like,-0.47553058393610914,0.8019872943779014,0.755313275614748,0.6971928015820709
