family,label,access_fidelity,recovery_gain,shared_overlap,wake_gain,wake_balance,score,score_core
fibonacci_no_return_loop,Fibonacci no-return loop,0.9998714167822139,0.00015200845008841296,0.9997364482311907,0.0001350570992764398,0.7569402304648077,0.6205062076339337,0.6999178030882898
fibonacci_return_loop,Fibonacci return loop,0.9589560155910678,1.1444170695694914e-06,0.9995716878635434,1.4456028966473392e-20,0.8234068277334354,0.6118236375097141,0.6826419424751615
tribonacci_return_loop,tribonacci return loop,0.9614797370049802,1.613483653301846e-06,0.9756549027803155,9.361034349803504e-07,0.667811960728647,0.5949726456201434,0.677005346365676
binary_return_loop,binary return loop,0.9760553093630185,4.0954833488557415e-06,0.9073593152867683,1.3445602845737906e-05,0.775686786730175,0.5935353938732745,0.6640050668577676
generic_ternary_return_loop,generic ternary return loop,0.9708828390575841,0.000890243533671458,0.8954747555741673,0.00017729201546768408,0.4861783183754155,0.566233810465866,0.6587707970250536
