group,familiarity,surprise,strangely_familiar,strangely_foreign
fibonacci_target,0.8013234312429708,0.5309414905482963,0.4314567416917762,0.09948474885652471
generic_ternary_target,0.8008611549858398,0.46095251878947696,0.3581792330149898,0.10277328577449388
coherent_variant,0.8013234312429708,0.5309414905482963,0.4314567416917762,0.09948474885652471
internal_scramble,0.8008611549858398,0.46095251878947696,0.3581792330149898,0.10277328577449388
