lane,golden_score,golden_robustness
v41b_field_stack,0.8231771506985186,0.10449408621939449
v48_window_band,0.8231771506985186,0.041837775098057306
v56_dual_recon,0.8178230002764201,-0.005483420466841249
v56b_dual_recon_nulls,0.8178230002764201,-0.0068989778635321075
