lane,golden_score,golden_robustness
v41b_field_stack,0.8231771506985186,0.10449408621939449
v49b_binding_band_nulls,0.8231771506985186,0.0683266989475606
v45_harsher_prediction_error,0.8231771506985186,0.062375799742009796
v48_window_band_interaction,0.8231771506985186,0.041837775098057306
v46_window_ablation,0.8231771506985186,0.03646987478159436
v49_binding_band_interaction,0.8231771506985186,0.018975286860518747
