lane,golden_score,golden_robustness
v64_binding_specificity,0.8231771506985186,0.10174070132265234
v41b_field_stack,0.8231771506985186,0.10144180348395249
v65_field_vs_smoothing,0.8231771506985186,0.0766904498816322
v48_window_band,0.8231771506985186,0.041837775098057306
