lane,golden_score,golden_robustness
v41b_field_stack,0.8231771506985186,0.10144180348395249
v48_window_band,0.8231771506985186,0.041837775098057306
v58_core_frame,0.8152042977846687,-0.006251489100900676
v60_frame_lens,0.748733533720242,-0.19383950320920806
