noise_level,accuracy
0.2,0.7741551730547604
0.3,0.8115286909742977
0.4,0.7921379773770859
