sampler,alpha,seed,regime,friction,distribution_l1,repeat_rate,coverage,mean_surprise,max_duplicate_run
phi_inv,0.6180339887498948,1618,smooth,0.1900405625569931,0.012624529271997163,0.0,1.0,0.8326784219221723,1533.0
phi_inv,0.6180339887498948,1618,balanced,0.24675064137318012,0.013404684261347194,0.0,1.0,0.998153311735941,1592.0
phi_inv,0.6180339887498948,1618,spiky,0.23534915314555394,0.007484177215188778,0.3089430894308943,1.0,0.5532704840440446,1554.0
phi_inv,0.6180339887498948,1618,bursty,0.24611034837950854,0.0302828767862683,0.0150093808630394,1.0,0.9385822183746647,1581.0
phi_inv,0.6180339887498948,1618,drifting,0.2364335648727441,0.012176475595477729,0.0,1.0,0.9385310759988124,1585.0
phi_inv,0.6180339887498948,1618,inverted,0.22269782969848578,0.006677215189873409,0.07567229518449031,1.0,0.7695566986143598,1579.0
phi_inv,0.6180339887498948,2718,smooth,0.19005758821581345,0.015930621826366842,0.0,1.0,0.8320688409353967,1538.0
phi_inv,0.6180339887498948,2718,balanced,0.2467599370696644,0.010652515898489076,0.0,1.0,0.9981958147682102,1592.0
phi_inv,0.6180339887498948,2718,spiky,0.2355724095357748,0.0028797468354450073,0.31769856160100063,1.0,0.5516856235620133,1559.0
phi_inv,0.6180339887498948,2718,bursty,0.25089945695258264,0.050533736546465355,0.013758599124452783,1.0,0.937567794153815,1581.0
phi_inv,0.6180339887498948,2718,drifting,0.2358057148097501,0.011144077264357843,0.0012507817385866166,1.0,0.9370680028850624,1590.0
phi_inv,0.6180339887498948,2718,inverted,0.22306752169977773,0.007405063291138866,0.07254534083802376,1.0,0.7737111876761624,1580.0
phi_inv,0.6180339887498948,3141,smooth,0.18716321643888656,0.014304474844527924,0.0,1.0,0.8321537854639364,1571.0
phi_inv,0.6180339887498948,3141,balanced,0.24852384485710838,0.010324263921812724,0.0,1.0,0.9982366369830072,1592.0
phi_inv,0.6180339887498948,3141,spiky,0.23851664542717707,0.006439873417722508,0.3158223889931207,1.0,0.5520592796292076,1563.0
phi_inv,0.6180339887498948,3141,bursty,0.24199890831087453,0.02658556723401545,0.013133208255159476,1.0,0.9390882021155277,1577.0
phi_inv,0.6180339887498948,3141,drifting,0.23347158032005505,0.009254319501023928,0.0,1.0,0.9397695424006691,1563.0
phi_inv,0.6180339887498948,3141,inverted,0.22548461733639866,0.011503164556962209,0.07129455909943715,1.0,0.7780339819619009,1581.0
phi_inv,0.6180339887498948,4159,smooth,0.19194388886917968,0.0175102241613022,0.0,1.0,0.8320162848407625,1550.0
phi_inv,0.6180339887498948,4159,balanced,0.2470993920683845,0.005925566511012531,0.0,1.0,0.9981369973164095,1592.0
phi_inv,0.6180339887498948,4159,spiky,0.23875141083749565,0.005379746835441401,0.316447779862414,1.0,0.5526648818366261,1561.0
phi_inv,0.6180339887498948,4159,bursty,0.24630880715194362,0.0267937716123771,0.016260162601626018,1.0,0.9371371467484728,1577.0
phi_inv,0.6180339887498948,4159,drifting,0.2349596159060141,0.007289788185442236,0.0006253908692933083,1.0,0.9396648812786647,1576.0
phi_inv,0.6180339887498948,4159,inverted,0.22245555206014403,0.009018987341772741,0.07066916823014384,1.0,0.7737111876761624,1566.0
sqrt2_minus_1,0.41421356237309515,1618,smooth,0.19289011159774283,0.02541975738443754,0.0,1.0,0.83452082967906,1570.0
sqrt2_minus_1,0.41421356237309515,1618,balanced,0.24675623374390912,0.006110336280242101,0.0,1.0,0.9984208108978951,1591.0
sqrt2_minus_1,0.41421356237309515,1618,spiky,0.24321166390713636,0.006075949367088149,0.31894934333958724,1.0,0.5517758597752674,1563.0
sqrt2_minus_1,0.41421356237309515,1618,bursty,0.24665684942863494,0.03213315537147572,0.008130081300813009,1.0,0.9383098022227176,1579.0
sqrt2_minus_1,0.41421356237309515,1618,drifting,0.23820577079203917,0.00795711592794053,0.0,1.0,0.9383151963771738,1587.0
sqrt2_minus_1,0.41421356237309515,1618,inverted,0.20949993663561595,0.005806962025316498,0.041901188242651655,1.0,0.7719220673602607,1576.0
sqrt2_minus_1,0.41421356237309515,2718,smooth,0.1915856172818791,0.015061061826601954,0.0,1.0,0.8321471663415513,1534.0
sqrt2_minus_1,0.41421356237309515,2718,balanced,0.245670833211626,0.011847891165210844,0.0,1.0,0.9981964325513225,1588.0
sqrt2_minus_1,0.41421356237309515,2718,spiky,0.23987875937963987,0.010189873417721304,0.31207004377736086,1.0,0.552432935696402,1546.0
sqrt2_minus_1,0.41421356237309515,2718,bursty,0.24206951574529006,0.012743377284925278,0.010006253908692933,1.0,0.9340912495320421,1567.0
sqrt2_minus_1,0.41421356237309515,2718,drifting,0.23763482762523352,0.013493356369510462,0.0,1.0,0.938689975116544,1588.0
sqrt2_minus_1,0.41421356237309515,2718,inverted,0.21088936573819178,0.008813291139240453,0.04252657911194497,1.0,0.7724745382041961,1580.0
sqrt2_minus_1,0.41421356237309515,3141,smooth,0.18941972312939864,0.010677159090370376,0.0,1.0,0.8296341257538855,1564.0
sqrt2_minus_1,0.41421356237309515,3141,balanced,0.24489005883847026,0.005323515828499145,0.0,1.0,0.9980065968840027,1589.0
sqrt2_minus_1,0.41421356237309515,3141,spiky,0.23966582640755416,0.005174050632908267,0.3158223889931207,1.0,0.5547136345991056,1535.0
sqrt2_minus_1,0.41421356237309515,3141,bursty,0.24534615554969091,0.02936928414446112,0.010631644777986242,1.0,0.9351569119232854,1549.0
sqrt2_minus_1,0.41421356237309515,3141,drifting,0.23755645791115348,0.003713717587277454,0.0,1.0,0.9384890465633408,1581.0
sqrt2_minus_1,0.41421356237309515,3141,inverted,0.211225080295875,0.00882911392405103,0.04252657911194497,1.0,0.7724745382041961,1574.0
sqrt2_minus_1,0.41421356237309515,4159,smooth,0.19203721294499415,0.010994322206773835,0.0,1.0,0.8327169290747162,1552.0
sqrt2_minus_1,0.41421356237309515,4159,balanced,0.24701556923872617,0.00876131292851455,0.0,1.0,0.9983985279037441,1589.0
sqrt2_minus_1,0.41421356237309515,4159,spiky,0.2410926714447001,0.004414556962023655,0.3151969981238274,1.0,0.5522912257694318,1561.0
sqrt2_minus_1,0.41421356237309515,4159,bursty,0.2443682947475517,0.026328298407352763,0.010006253908692933,1.0,0.9363904374552355,1554.0
sqrt2_minus_1,0.41421356237309515,4159,drifting,0.2383330515242399,0.011635869239951108,0.0006253908692933083,1.0,0.9414907720398712,1581.0
sqrt2_minus_1,0.41421356237309515,4159,inverted,0.212039925323468,0.007056962025316457,0.04252657911194497,1.0,0.7739874230981302,1571.0
sqrt3_minus_1_frac,0.7320508075688772,1618,smooth,0.18994241733261172,0.014849909808275677,0.02626641651031895,1.0,0.8296574028111037,1553.0
sqrt3_minus_1_frac,0.7320508075688772,1618,balanced,0.251486044682937,0.005027914684732751,0.0,1.0,0.9981668502463644,1592.0
sqrt3_minus_1_frac,0.7320508075688772,1618,spiky,0.260223035969081,0.011060126582277494,0.3908692933083177,1.0,0.551221731281565,1553.0
sqrt3_minus_1_frac,0.7320508075688772,1618,bursty,0.2573677058996464,0.010841028936573169,0.03377110694183865,1.0,0.9372233142825762,1584.0
sqrt3_minus_1_frac,0.7320508075688772,1618,drifting,0.25728717269552404,0.009456365186608418,0.016260162601626018,1.0,0.9390317804873046,1590.0
sqrt3_minus_1_frac,0.7320508075688772,1618,inverted,0.25306401314669924,0.005617088607595119,0.18449030644152595,1.0,0.7721983027822285,1578.0
sqrt3_minus_1_frac,0.7320508075688772,2718,smooth,0.1917570506977424,0.02177603061918225,0.027517198248905566,1.0,0.8345649065138966,1549.0
sqrt3_minus_1_frac,0.7320508075688772,2718,balanced,0.2502085598241505,0.006685338480083014,0.0,1.0,0.9980078685020528,1589.0
sqrt3_minus_1_frac,0.7320508075688772,2718,spiky,0.2633999054726314,0.012041139240508272,0.38711694809255787,1.0,0.5543914522456274,1564.0
sqrt3_minus_1_frac,0.7320508075688772,2718,bursty,0.2564862662819007,0.00995236880827724,0.032520325203252036,1.0,0.9390302107958646,1580.0
sqrt3_minus_1_frac,0.7320508075688772,2718,drifting,0.25839278917285724,0.0105112797655285,0.01876172607879925,1.0,0.9371248199685372,1586.0
sqrt3_minus_1_frac,0.7320508075688772,2718,inverted,0.2526067889230244,0.013322784810126206,0.18198874296435272,1.0,0.7766290272659987,1575.0
sqrt3_minus_1_frac,0.7320508075688772,3141,smooth,0.19453531569931687,0.01369272699550584,0.02689180737961226,1.0,0.833892160127597,1555.0
sqrt3_minus_1_frac,0.7320508075688772,3141,balanced,0.2514495294158294,0.005403889093004946,0.0,1.0,0.9983248660921039,1590.0
sqrt3_minus_1_frac,0.7320508075688772,3141,spiky,0.2587669103247728,0.004208860759488092,0.38711694809255787,1.0,0.5492632147323396,1544.0
sqrt3_minus_1_frac,0.7320508075688772,3141,bursty,0.25396148046535283,0.01577617141898019,0.032520325203252036,1.0,0.9382730325285878,1571.0
sqrt3_minus_1_frac,0.7320508075688772,3141,drifting,0.26049946287553144,0.019105576567487903,0.015634771732332707,1.0,0.9424815492512777,1551.0
sqrt3_minus_1_frac,0.7320508075688772,3141,inverted,0.2523065980299761,0.005981012658227258,0.18386491557223264,1.0,0.7769052626879663,1562.0
sqrt3_minus_1_frac,0.7320508075688772,4159,smooth,0.18789368695590672,0.015622813179889922,0.02564102564102564,1.0,0.8311555360457838,1566.0
sqrt3_minus_1_frac,0.7320508075688772,4159,balanced,0.2516503394719641,0.00767846327183104,0.0,1.0,0.998210173418064,1590.0
sqrt3_minus_1_frac,0.7320508075688772,4159,spiky,0.261715107657668,0.009129746835442598,0.3877423389618512,1.0,0.55522900059327,1563.0
sqrt3_minus_1_frac,0.7320508075688772,4159,bursty,0.2556018564634355,0.014807506726030484,0.03627267041901188,1.0,0.9359140098357608,1582.0
sqrt3_minus_1_frac,0.7320508075688772,4159,drifting,0.25868092759790645,0.017685662634548627,0.015634771732332707,1.0,0.9402009458315115,1577.0
sqrt3_minus_1_frac,0.7320508075688772,4159,inverted,0.2545838675579759,0.011329113924051046,0.1888680425265791,1.0,0.7702170996563269,1564.0
pi_minus_3,0.14159265358979312,1618,smooth,0.3225312358780219,0.030043140903151112,0.3170731707317073,1.0,0.8289096206869031,1512.0
pi_minus_3,0.14159265358979312,1618,balanced,0.2585142381474553,0.015825877770662286,0.0,1.0,0.998262684928915,1584.0
pi_minus_3,0.14159265358979312,1618,spiky,0.3722460476660619,0.015854430379750414,0.5609756097560976,1.0,0.5492117410186235,1513.0
pi_minus_3,0.14159265358979312,1618,bursty,0.3027017683815986,0.032234032229284115,0.150093808630394,1.0,0.9430052012977822,1567.0
pi_minus_3,0.14159265358979312,1618,drifting,0.39006798591007646,0.13217647559547774,0.13633520950594122,1.0,0.9378431872701388,1543.0
pi_minus_3,0.14159265358979312,1618,inverted,0.3837772148219295,0.02134493670886116,0.4165103189493433,1.0,0.7674071902645225,1529.0
pi_minus_3,0.14159265358979312,2718,smooth,0.33723402839857214,0.037501033407908856,0.31269543464665417,1.0,0.8350523954017767,1520.0
pi_minus_3,0.14159265358979312,2718,balanced,0.2584758335217522,0.007376637870230657,0.0,1.0,0.9982519288224303,1567.0
pi_minus_3,0.14159265358979312,2718,spiky,0.37628668191826803,0.013528481012654428,0.5584740462789243,1.0,0.5608338416011843,1344.0
pi_minus_3,0.14159265358979312,2718,bursty,0.3000604565685951,0.01553373654646538,0.14946841776110067,1.0,0.9433313088800187,1580.0
pi_minus_3,0.14159265358979312,2718,drifting,0.3909597165313481,0.0728512488481875,0.13758599124452783,1.0,0.9324107103142086,1523.0
pi_minus_3,0.14159265358979312,2718,inverted,0.3869406263873215,0.01886075949367115,0.4146341463414634,1.0,0.7694725460023919,1541.0
pi_minus_3,0.14159265358979312,3141,smooth,0.3403672718260121,0.03632090146256052,0.3133208255159475,1.0,0.8351297796760916,1523.0
pi_minus_3,0.14159265358979312,3141,balanced,0.25927033189725346,0.016935698468163646,0.0,1.0,0.9983349607018388,1584.0
pi_minus_3,0.14159265358979312,3141,spiky,0.37036280818653017,0.021344936708863393,0.5603502188868043,1.0,0.5522912257694318,1510.0
pi_minus_3,0.14159265358979312,3141,bursty,0.30662557417148245,0.022298975038211072,0.15509693558474047,1.0,0.9323242563432637,1576.0
pi_minus_3,0.14159265358979312,3141,drifting,0.39195320058225386,0.1405334462750219,0.13758599124452783,1.0,0.9396078301575324,1509.0
pi_minus_3,0.14159265358979312,3141,inverted,0.38626582082247024,0.04060126582278456,0.40963101938711693,1.0,0.7712378887322298,1538.0
pi_minus_3,0.14159265358979312,4159,smooth,0.33851938761959777,0.025878951103457025,0.31081926203877425,1.0,0.8347710756180022,1516.0
pi_minus_3,0.14159265358979312,4159,balanced,0.25897178785117864,0.016487002671687664,0.0,1.0,0.9982030503898845,1577.0
pi_minus_3,0.14159265358979312,4159,spiky,0.3716643857936944,0.015490506329113585,0.5597248280175109,1.0,0.5527163555503422,1439.0
pi_minus_3,0.14159265358979312,4159,bursty,0.30064742139228223,0.019051156790107812,0.15196998123827393,1.0,0.9324351977844995,1564.0
pi_minus_3,0.14159265358979312,4159,drifting,0.38757411884428,0.1139028638979583,0.13320825515947468,1.0,0.9370786456439106,1503.0
pi_minus_3,0.14159265358979312,4159,inverted,0.3858513775175356,0.01935126582278461,0.40212632895559725,1.0,0.7786706054178042,1537.0
e_minus_2,0.7182818284590451,1618,smooth,0.20638092036902086,0.03929354952441088,0.016260162601626018,1.0,0.8314136715759439,1534.0
e_minus_2,0.7182818284590451,1618,balanced,0.24204384320924135,0.005581139016529957,0.0,1.0,0.9981503447560158,1590.0
e_minus_2,0.7182818284590451,1618,spiky,0.2608721411651797,0.012674050632909467,0.37523452157598497,1.0,0.5509383114276247,1566.0
e_minus_2,0.7182818284590451,1618,bursty,0.2749945974552237,0.04163766308749875,0.030644152595372107,1.0,0.9366637963566715,1567.0
e_minus_2,0.7182818284590451,1618,drifting,0.2335219281398972,0.017604990225944944,0.01125703564727955,1.0,0.9368389610081006,1587.0
e_minus_2,0.7182818284590451,1618,inverted,0.245202358703314,0.012974683544303645,0.16823014383989993,1.0,0.7737111876761624,1575.0
e_minus_2,0.7182818284590451,2718,smooth,0.20847739875855067,0.03921524664950163,0.013758599124452783,1.0,0.8354902467435162,1573.0
e_minus_2,0.7182818284590451,2718,balanced,0.24034618979729747,0.006333284788543822,0.0,1.0,0.9983616915309708,1590.0
e_minus_2,0.7182818284590451,2718,spiky,0.2613767873906807,0.008085443037972706,0.3708567854909318,1.0,0.5577931193499138,1566.0
e_minus_2,0.7182818284590451,2718,bursty,0.28307173829592824,0.06318863466986806,0.028767979987492184,1.0,0.9398369353519987,1576.0
e_minus_2,0.7182818284590451,2718,drifting,0.23105320129079898,0.016560187570672166,0.013133208255159476,1.0,0.9376672021152117,1576.0
e_minus_2,0.7182818284590451,2718,inverted,0.24931519083739193,0.006851265822784197,0.17510944340212634,1.0,0.774071575710098,1569.0
e_minus_2,0.7182818284590451,3141,smooth,0.1975895363725554,0.020500738666121072,0.013133208255159476,1.0,0.8289283486751691,1550.0
e_minus_2,0.7182818284590451,3141,balanced,0.24142105187206273,0.005080812060373155,0.0,1.0,0.9983640458267952,1589.0
e_minus_2,0.7182818284590451,3141,spiky,0.26140881814877737,0.007674050632908255,0.3783614759224515,1.0,0.5475366443233383,1561.0
e_minus_2,0.7182818284590451,3141,bursty,0.27885344146415386,0.04966764215116616,0.028767979987492184,1.0,0.9378480359364305,1565.0
e_minus_2,0.7182818284590451,3141,drifting,0.23287902111532982,0.017038616140685747,0.01125703564727955,1.0,0.940491412016336,1571.0
e_minus_2,0.7182818284590451,3141,inverted,0.24756168091833541,0.010981012658227263,0.17573483427141964,1.0,0.7692804631923922,1575.0
e_minus_2,0.7182818284590451,4159,smooth,0.19957002874317828,0.014215939283269946,0.016260162601626018,1.0,0.8320938036904048,1557.0
e_minus_2,0.7182818284590451,4159,balanced,0.241917439262293,0.0025073651112427764,0.0,1.0,0.9980281190158584,1589.0
e_minus_2,0.7182818284590451,4159,spiky,0.2602794925979975,0.010585443037978745,0.3758599124452783,1.0,0.5520592796292076,1565.0
e_minus_2,0.7182818284590451,4159,bursty,0.27984336494981243,0.06784562986694842,0.029393370856785492,1.0,0.9361158522163212,1565.0
e_minus_2,0.7182818284590451,4159,drifting,0.23370728024216908,0.02293744780628751,0.011882426516572859,1.0,0.9401700580785355,1578.0
e_minus_2,0.7182818284590451,4159,inverted,0.24831380234922604,0.021518987341772725,0.17448405253283303,1.0,0.7728587038241956,1582.0
plastic_inv,0.7548776662466927,1618,smooth,0.221638646373748,0.03430223069568098,0.0450281425891182,1.0,0.8317627903638065,1561.0
plastic_inv,0.7548776662466927,1618,balanced,0.2707737085623142,0.007022694460108364,0.0,1.0,0.998175717960471,1590.0
plastic_inv,0.7548776662466927,1618,spiky,0.2862663343044121,0.009256329113923031,0.41088180112570355,1.0,0.5509897851413409,1561.0
plastic_inv,0.7548776662466927,1618,bursty,0.30144466356995875,0.05334182728982896,0.03689806128830519,1.0,0.9405389851602612,1562.0
plastic_inv,0.7548776662466927,1618,drifting,0.2484102567210783,0.013644624208647885,0.023139462163852407,1.0,0.9389998907335548,1572.0
plastic_inv,0.7548776662466927,1618,inverted,0.2506820556440909,0.008322784810127007,0.20637898686679174,1.0,0.7725824684022278,1555.0
plastic_inv,0.7548776662466927,2718,smooth,0.2287201103890356,0.02345184685186092,0.05378361475922452,1.0,0.8320794234066963,1573.0
plastic_inv,0.7548776662466927,2718,balanced,0.27114220432221087,0.007102964467079351,0.0,1.0,0.9984832933742619,1582.0
plastic_inv,0.7548776662466927,2718,spiky,0.2881133820708491,0.01767405063290825,0.41588492808005,1.0,0.5495853970858178,1561.0
plastic_inv,0.7548776662466927,2718,bursty,0.30441421140562563,0.0619578289073216,0.03689806128830519,1.0,0.9352989661341569,1558.0
plastic_inv,0.7548776662466927,2718,drifting,0.24881645577838482,0.013094378432116374,0.025015634771732333,1.0,0.9385231688689568,1576.0
plastic_inv,0.7548776662466927,2718,inverted,0.24903374634309336,0.01257911392405102,0.20700437773608504,1.0,0.7725824684022278,1556.0
plastic_inv,0.7548776662466927,3141,smooth,0.2303884402122906,0.02551609426934453,0.056910569105691054,1.0,0.8314896709381208,1563.0
plastic_inv,0.7548776662466927,3141,balanced,0.27040685021968536,0.005392712327998622,0.0,1.0,0.9981337757717031,1571.0
plastic_inv,0.7548776662466927,3141,spiky,0.2867096275596161,0.01759493670885974,0.407754846779237,1.0,0.5547651083128217,1551.0
plastic_inv,0.7548776662466927,3141,bursty,0.29581955182779296,0.0449592316993668,0.03377110694183865,1.0,0.9409571739026142,1564.0
plastic_inv,0.7548776662466927,3141,drifting,0.24740852685969555,0.007578536087624432,0.023764853033145718,1.0,0.9385047523275004,1575.0
plastic_inv,0.7548776662466927,3141,inverted,0.24889554732215582,0.014018987341772371,0.20700437773608504,1.0,0.7739874230981302,1559.0
plastic_inv,0.7548776662466927,4159,smooth,0.22910036836418357,0.02072877505370617,0.05753595997498437,1.0,0.8305656396597536,1563.0
plastic_inv,0.7548776662466927,4159,balanced,0.2709055055802739,0.009858619571440533,0.0,1.0,0.9983885694189003,1568.0
plastic_inv,0.7548776662466927,4159,spiky,0.2879361633182137,0.01566455696202486,0.41275797373358347,1.0,0.5506548915736845,1560.0
plastic_inv,0.7548776662466927,4159,bursty,0.3012941050129266,0.049638564664447896,0.039399624765478425,1.0,0.935891637935204,1568.0
plastic_inv,0.7548776662466927,4159,drifting,0.2493870752819063,0.009800134599594654,0.023139462163852407,1.0,0.9400513765664368,1579.0
plastic_inv,0.7548776662466927,4159,inverted,0.24623765697591513,0.010775316455696404,0.20950594121325827,1.0,0.7716220543522292,1563.0
silver_inv,0.4142135623730951,1618,smooth,0.19289011159774283,0.02541975738443754,0.0,1.0,0.83452082967906,1570.0
silver_inv,0.4142135623730951,1618,balanced,0.24675623374390912,0.006110336280242101,0.0,1.0,0.9984208108978951,1591.0
silver_inv,0.4142135623730951,1618,spiky,0.24321166390713636,0.006075949367088149,0.31894934333958724,1.0,0.5517758597752674,1563.0
silver_inv,0.4142135623730951,1618,bursty,0.24665684942863494,0.03213315537147572,0.008130081300813009,1.0,0.9383098022227176,1579.0
silver_inv,0.4142135623730951,1618,drifting,0.23820577079203917,0.00795711592794053,0.0,1.0,0.9383151963771738,1587.0
silver_inv,0.4142135623730951,1618,inverted,0.20949993663561595,0.005806962025316498,0.041901188242651655,1.0,0.7719220673602607,1576.0
silver_inv,0.4142135623730951,2718,smooth,0.1915856172818791,0.015061061826601954,0.0,1.0,0.8321471663415513,1534.0
silver_inv,0.4142135623730951,2718,balanced,0.245670833211626,0.011847891165210844,0.0,1.0,0.9981964325513225,1588.0
silver_inv,0.4142135623730951,2718,spiky,0.23987875937963987,0.010189873417721304,0.31207004377736086,1.0,0.552432935696402,1546.0
silver_inv,0.4142135623730951,2718,bursty,0.24206951574529006,0.012743377284925278,0.010006253908692933,1.0,0.9340912495320421,1567.0
silver_inv,0.4142135623730951,2718,drifting,0.23763482762523352,0.013493356369510462,0.0,1.0,0.938689975116544,1588.0
silver_inv,0.4142135623730951,2718,inverted,0.21088936573819178,0.008813291139240453,0.04252657911194497,1.0,0.7724745382041961,1580.0
silver_inv,0.4142135623730951,3141,smooth,0.18941972312939864,0.010677159090370376,0.0,1.0,0.8296341257538855,1564.0
silver_inv,0.4142135623730951,3141,balanced,0.24489005883847026,0.005323515828499145,0.0,1.0,0.9980065968840027,1589.0
silver_inv,0.4142135623730951,3141,spiky,0.23966582640755416,0.005174050632908267,0.3158223889931207,1.0,0.5547136345991056,1535.0
silver_inv,0.4142135623730951,3141,bursty,0.24534615554969091,0.02936928414446112,0.010631644777986242,1.0,0.9351569119232854,1549.0
silver_inv,0.4142135623730951,3141,drifting,0.23755645791115348,0.003713717587277454,0.0,1.0,0.9384890465633408,1581.0
silver_inv,0.4142135623730951,3141,inverted,0.211225080295875,0.00882911392405103,0.04252657911194497,1.0,0.7724745382041961,1574.0
silver_inv,0.4142135623730951,4159,smooth,0.19203721294499415,0.010994322206773835,0.0,1.0,0.8327169290747162,1552.0
silver_inv,0.4142135623730951,4159,balanced,0.24701556923872617,0.00876131292851455,0.0,1.0,0.9983985279037441,1589.0
silver_inv,0.4142135623730951,4159,spiky,0.2410926714447001,0.004414556962023655,0.3151969981238274,1.0,0.5522912257694318,1561.0
silver_inv,0.4142135623730951,4159,bursty,0.2443682947475517,0.026328298407352763,0.010006253908692933,1.0,0.9363904374552355,1554.0
silver_inv,0.4142135623730951,4159,drifting,0.2383330515242399,0.011635869239951108,0.0006253908692933083,1.0,0.9414907720398712,1581.0
silver_inv,0.4142135623730951,4159,inverted,0.212039925323468,0.007056962025316457,0.04252657911194497,1.0,0.7739874230981302,1571.0
rational_1_8,0.125,1618,smooth,0.4291320472654181,0.135113114564812,0.38398999374609133,1.0,0.8235192862364477,1284.0
rational_1_8,0.125,1618,balanced,0.25160472182643684,0.004477321776069354,0.0,1.0,1.0017393726435164,1592.0
rational_1_8,0.125,1618,spiky,0.5500385896991746,0.24477848101265565,0.5909943714821764,1.0,0.5466349110478014,1063.0
rational_1_8,0.125,1618,bursty,0.34395676933448316,0.12544564011039128,0.20888055034396497,1.0,0.938583350743126,1577.0
rational_1_8,0.125,1618,drifting,0.3550186225349382,0.11351101439741924,0.18636647904940587,1.0,0.9401208754004646,1575.0
rational_1_8,0.125,1618,inverted,0.5347788228535251,0.24757911392405102,0.44840525328330205,1.0,0.77375874284829,1450.0
rational_1_8,0.125,2718,smooth,0.4088193539928539,0.12455315901586286,0.37335834896810505,1.0,0.8236596227602173,1317.0
rational_1_8,0.125,2718,balanced,0.2516026604806142,0.0044404117819515365,0.0,1.0,1.0017749417647799,1592.0
rational_1_8,0.125,2718,spiky,0.5323991534753841,0.20731012658227743,0.5853658536585366,1.0,0.5691832737922504,1151.0
rational_1_8,0.125,2718,bursty,0.3220381869554531,0.030013058637453585,0.2101313320825516,1.0,0.9312234085764688,1571.0
rational_1_8,0.125,2718,drifting,0.3218508195553992,0.03505880835049706,0.19011882426516574,1.0,0.9329912178041009,1583.0
rational_1_8,0.125,2718,inverted,0.5288220615241113,0.17294303797468355,0.4646654158849281,1.0,0.7445456116315761,1303.0
rational_1_8,0.125,3141,smooth,0.43736758952519345,0.1804360164349584,0.3877423389618512,1.0,0.819933608197567,1240.0
rational_1_8,0.125,3141,balanced,0.3313824158379117,0.13812550004513624,0.11131957473420888,1.0,0.9919961346292671,1592.0
rational_1_8,0.125,3141,spiky,0.5509096627856761,0.28414556962025567,0.5841150719199499,1.0,0.563295012930396,1154.0
rational_1_8,0.125,3141,bursty,0.356191455624211,0.13743876294310353,0.19762351469668543,1.0,0.9449453755975367,1576.0
rational_1_8,0.125,3141,drifting,0.35811582872410386,0.12760304114410165,0.18323952470293933,1.0,0.940607130026112,1498.0
rational_1_8,0.125,3141,inverted,0.535598566810913,0.20723101265822766,0.4509068167604753,1.0,0.7678151334705858,1379.0
rational_1_8,0.125,4159,smooth,0.4381920205511703,0.1946648912038932,0.38461538461538464,1.0,0.8203184077096869,1232.0
rational_1_8,0.125,4159,balanced,0.4309463489801535,0.22054344755155875,0.18323952470293933,1.0,0.9849556314742712,1592.0
rational_1_8,0.125,4159,spiky,0.5442040611415083,0.25481012658227503,0.5834896810506567,1.0,0.5640810875643224,1058.0
rational_1_8,0.125,4159,bursty,0.3542673289421956,0.13203616034423898,0.18386491557223264,1.0,0.9467897888899379,1576.0
rational_1_8,0.125,4159,drifting,0.3663480528765399,0.14335752071657643,0.17761100687929957,1.0,0.9455829652367731,1514.0
rational_1_8,0.125,4159,inverted,0.5512856005448834,0.1570727848101262,0.42338961851156975,1.0,0.7889973841071511,1304.0
rational_3_8,0.375,1618,smooth,0.3139081401181329,0.135113114564812,0.0,1.0,0.8234175524824314,1284.0
rational_3_8,0.375,1618,balanced,0.25160469885743625,0.004477321776069354,0.0,1.0,1.001771988799131,1592.0
rational_3_8,0.375,1618,spiky,0.4764566149514073,0.24477848101265565,0.3452157598499062,1.0,0.54476663071183,1061.0
rational_3_8,0.375,1618,bursty,0.28918304364833025,0.14169564011039132,0.014383989993746092,1.0,0.9386078027039862,1577.0
rational_3_8,0.375,1618,drifting,0.30567675839990216,0.11513599636376336,0.0,1.0,0.939390493105771,1573.0
rational_3_8,0.375,1618,inverted,0.42311417446320704,0.25007911392405097,0.075046904315197,1.0,0.7717775397223886,1449.0
rational_3_8,0.375,2718,smooth,0.29367517681541794,0.12580315901586286,0.0,1.0,0.8231935335524553,1319.0
rational_3_8,0.375,2718,balanced,0.25160261782256577,0.0044404117819515365,0.0,1.0,1.0017406988342479,1592.0
rational_3_8,0.375,2718,spiky,0.4426458987799269,0.21606012658227744,0.2764227642276423,1.0,0.5733322530309255,1149.0
rational_3_8,0.375,2718,bursty,0.26045147188217954,0.02923594480606291,0.013133208255159476,1.0,0.9330812415417913,1577.0
rational_3_8,0.375,2718,drifting,0.2705347966622215,0.03292063686172543,0.0,1.0,0.9346971112178833,1589.0
rational_3_8,0.375,2718,inverted,0.42234271928794526,0.17044303797468352,0.10819262038774234,1.0,0.7482317824614113,1306.0
rational_3_8,0.375,3141,smooth,0.317923671082138,0.1779360164349584,0.0,1.0,0.8197679096122478,1240.0
rational_3_8,0.375,3141,balanced,0.297162053418985,0.13812550004513624,0.0,1.0,0.9921801848467099,1592.0
rational_3_8,0.375,3141,spiky,0.46651466500355904,0.2891455696202556,0.30393996247654786,1.0,0.5652535294796214,1153.0
rational_3_8,0.375,3141,bursty,0.30408099675139294,0.14204193120209685,0.016260162601626018,1.0,0.949064665011102,1575.0
rational_3_8,0.375,3141,drifting,0.30493769449788616,0.13056520749129746,0.0,1.0,0.9428744379878258,1502.0
rational_3_8,0.375,3141,inverted,0.41865023093982756,0.20848101265822766,0.07817385866166354,1.0,0.7704567376384545,1377.0
rational_3_8,0.375,4159,smooth,0.32095012333564826,0.1946648912038932,0.0,1.0,0.8209655196436739,1232.0
rational_3_8,0.375,4159,balanced,0.3751697366985776,0.2238709825704908,0.0,1.0,0.9851127973285039,1592.0
rational_3_8,0.375,4159,spiky,0.46415544836887396,0.25731012658227503,0.3158223889931207,1.0,0.5616072050209325,1062.0
rational_3_8,0.375,4159,bursty,0.31073540117356135,0.143286160344239,0.015634771732332707,1.0,0.9487161505012603,1575.0
rational_3_8,0.375,4159,drifting,0.3157841717357172,0.13873761440832985,0.0,1.0,0.9456222315952969,1510.0
rational_3_8,0.375,4159,inverted,0.4485072011466868,0.15044303797468317,0.07817385866166354,1.0,0.7873765690151854,1304.0
rational_5_13,0.38461538461538464,1618,smooth,0.2624062581255065,0.11490465575870218,0.0,1.0,0.8255222968583201,1305.0
rational_5_13,0.38461538461538464,1618,balanced,0.3420546263240982,0.17566886098347004,0.0,1.0,0.9982969536180897,1589.0
rational_5_13,0.38461538461538464,1618,spiky,0.41536734296260824,0.20248417721518758,0.32082551594746717,1.0,0.5528453542631341,1064.0
rational_5_13,0.38461538461538464,1618,bursty,0.26844051142356556,0.08600662271507463,0.013133208255159476,1.0,0.9394620614879653,1572.0
rational_5_13,0.38461538461538464,1618,drifting,0.2615487764698322,0.07220709616788897,0.0,1.0,0.93769093271282,1589.0
rational_5_13,0.38461538461538464,1618,inverted,0.31008839882144495,0.11669303797468351,0.07629768605378362,1.0,0.7752606700099368,1445.0
rational_5_13,0.38461538461538464,2718,smooth,0.2838575152233203,0.1289126941539947,0.0,1.0,0.8381450637032833,1365.0
rational_5_13,0.38461538461538464,2718,balanced,0.33717282837033896,0.2023370209375878,0.0,1.0,0.9987613420408172,1587.0
rational_5_13,0.38461538461538464,2718,spiky,0.40556571029761646,0.19232594936709055,0.31957473420888055,1.0,0.5460934937682772,1150.0
rational_5_13,0.38461538461538464,2718,bursty,0.2688105773040661,0.08613893226139979,0.015634771732332707,1.0,0.9318445461864308,1580.0
rational_5_13,0.38461538461538464,2718,drifting,0.26649003494553214,0.08070935330217473,0.0,1.0,0.9410315742641808,1589.0
rational_5_13,0.38461538461538464,2718,inverted,0.3300640656568529,0.12935126582278422,0.07254534083802376,1.0,0.7637685746068149,1306.0
rational_5_13,0.38461538461538464,3141,smooth,0.26309815812562104,0.09686348831562946,0.0,1.0,0.8343592584662061,1283.0
rational_5_13,0.38461538461538464,3141,balanced,0.33479252082446537,0.19114357578031682,0.0,1.0,0.9985905872936176,1589.0
rational_5_13,0.38461538461538464,3141,spiky,0.4127241551382086,0.19433544303797876,0.33583489681050654,1.0,0.5472405132552198,1242.0
rational_5_13,0.38461538461538464,3141,bursty,0.2434165216950549,0.031169500568233074,0.011882426516572859,1.0,0.938939500500966,1571.0
rational_5_13,0.38461538461538464,3141,drifting,0.2344346945906109,0.016292153153828162,0.0,1.0,0.9382768272878966,1551.0
rational_5_13,0.38461538461538464,3141,inverted,0.30861650103139043,0.11242088607594898,0.07754846779237023,1.0,0.7739398679260024,1380.0
rational_5_13,0.38461538461538464,4159,smooth,0.25997676828275545,0.09222573828843586,0.0,1.0,0.82940547307338,1283.0
rational_5_13,0.38461538461538464,4159,balanced,0.34329534254221755,0.19023700267168767,0.0,1.0,0.9985761467236355,1592.0
rational_5_13,0.38461538461538464,4159,spiky,0.4053413446267043,0.18857594936709055,0.28893058161350843,1.0,0.5642869824191868,1151.0
rational_5_13,0.38461538461538464,4159,bursty,0.2459123729576747,0.026118030611791188,0.011882426516572859,1.0,0.938989233099613,1584.0
rational_5_13,0.38461538461538464,4159,drifting,0.23914482997580974,0.02572058216840159,0.0006253908692933083,1.0,0.9402766713621307,1577.0
rational_5_13,0.38461538461538464,4159,inverted,0.31555121729436286,0.13452531645569638,0.07004377736085053,1.0,0.7813963621976409,1379.0
random_alpha_00,0.3289746922510058,1618,smooth,0.2698297102641146,0.04275337847226834,0.0,1.0,0.8354532003258107,1541.0
random_alpha_00,0.3289746922510058,1618,balanced,0.24960870519886064,0.00511650525620487,0.0,1.0,0.99804777051012,1543.0
random_alpha_00,0.3289746922510058,1618,spiky,0.29124935723843237,0.013734177215189977,0.32707942464040024,1.0,0.5554609467334941,1532.0
random_alpha_00,0.3289746922510058,1618,bursty,0.3533137643084952,0.02148582686654675,0.01876172607879925,1.0,0.9394023582529125,1571.0
random_alpha_00,0.3289746922510058,1618,drifting,0.38626546181662436,0.013967772346878071,0.0031269543464665416,1.0,0.9418683600692933,1536.0
random_alpha_00,0.3289746922510058,1618,inverted,0.26665702820684173,0.011344936708861122,0.1282051282051282,1.0,0.7696646288123916,1536.0
random_alpha_00,0.3289746922510058,2718,smooth,0.26637682848867034,0.0327425210701382,0.0006253908692933083,1.0,0.8327099168616392,1532.0
random_alpha_00,0.3289746922510058,2718,balanced,0.2493732039990635,0.007035957295825554,0.0,1.0,0.9980130643449833,1555.0
random_alpha_00,0.3289746922510058,2718,spiky,0.294479875490743,0.0072784810126544225,0.32707942464040024,1.0,0.5506161290741466,1526.0
random_alpha_00,0.3289746922510058,2718,bursty,0.35593174804897604,0.023763058637453593,0.020637898686679174,1.0,0.941542950890325,1562.0
random_alpha_00,0.3289746922510058,2718,drifting,0.38000572142803263,0.022646984013157567,0.001876172607879925,1.0,0.9366972297973943,1533.0
random_alpha_00,0.3289746922510058,2718,inverted,0.27066298605044914,0.010775316455696377,0.1275797373358349,1.0,0.7721983027822285,1538.0
random_alpha_00,0.3289746922510058,3141,smooth,0.261506615225312,0.04235821039632937,0.0,1.0,0.833690594324331,1521.0
random_alpha_00,0.3289746922510058,3141,balanced,0.2491818365851929,0.0066427123279986094,0.0,1.0,0.9983453358337343,1557.0
random_alpha_00,0.3289746922510058,3141,spiky,0.2945713026565982,0.00857594936708933,0.32833020637898686,1.0,0.5544816884588815,1524.0
random_alpha_00,0.3289746922510058,3141,bursty,0.3536573833443283,0.028531239221228674,0.015634771732332707,1.0,0.9428902821549198,1530.0
random_alpha_00,0.3289746922510058,3141,drifting,0.38219226548245655,0.01697117544249882,0.0012507817385866166,1.0,0.9412048672582111,1528.0
random_alpha_00,0.3289746922510058,3141,inverted,0.2715292185445618,0.009034810126581944,0.1275797373358349,1.0,0.7720062199722286,1549.0
random_alpha_00,0.3289746922510058,4159,smooth,0.2756228618273253,0.04901086603728952,0.0,1.0,0.8351151628148402,1570.0
random_alpha_00,0.3289746922510058,4159,balanced,0.2495144844660222,0.01034251307112044,0.0,1.0,0.9983226734037465,1554.0
random_alpha_00,0.3289746922510058,4159,spiky,0.2932094839509947,0.010395569620254466,0.3258286429018136,1.0,0.5556928928737183,1542.0
random_alpha_00,0.3289746922510058,4159,bursty,0.35738727346380594,0.04409795763049583,0.02626641651031895,1.0,0.9361537004578604,1530.0
random_alpha_00,0.3289746922510058,4159,drifting,0.3809397272507803,0.01508033114950004,0.0025015634771732333,1.0,0.9359157036109496,1525.0
random_alpha_00,0.3289746922510058,4159,inverted,0.2670932815821998,0.008844936708861134,0.12507817385866166,1.0,0.774839906950097,1542.0
random_alpha_01,0.8706221217309152,1618,smooth,0.3037693150132424,0.022919757384437557,0.350844277673546,1.0,0.8337823868716719,1557.0
random_alpha_01,0.8706221217309152,1618,balanced,0.26074824979885336,0.012732566785759278,0.02626641651031895,1.0,0.9979489038259498,1592.0
random_alpha_01,0.8706221217309152,1618,spiky,0.31845974745297295,0.007199367088606495,0.5866166353971232,1.0,0.5499590531530121,1557.0
random_alpha_01,0.8706221217309152,1618,bursty,0.30424942526860826,0.053329328433388806,0.17886178861788618,1.0,0.9385598996786338,1575.0
random_alpha_01,0.8706221217309152,1618,drifting,0.2834872674400547,0.008778619585283698,0.1794871794871795,1.0,0.9383101258943227,1587.0
random_alpha_01,0.8706221217309152,1618,inverted,0.33714189006985523,0.01243670886075951,0.4333958724202627,1.0,0.7725824684022278,1577.0
random_alpha_01,0.8706221217309152,2718,smooth,0.3020441833593457,0.015716288557454328,0.35021888680425267,1.0,0.8335470320276528,1564.0
random_alpha_01,0.8706221217309152,2718,balanced,0.2585060502748532,0.011573810698359596,0.021263289555972485,1.0,0.9982876926581747,1592.0
random_alpha_01,0.8706221217309152,2718,spiky,0.31691746735445275,0.011028481012654412,0.5872420262664165,1.0,0.5501909992932362,1549.0
random_alpha_01,0.8706221217309152,2718,bursty,0.3092392781967583,0.017989494237041437,0.18198874296435272,1.0,0.9375804692023059,1584.0
random_alpha_01,0.8706221217309152,2718,drifting,0.28584530995799523,0.015114359786130252,0.18449030644152595,1.0,0.9353356561888659,1586.0
random_alpha_01,0.8706221217309152,2718,inverted,0.3375314942856432,0.009034810126581902,0.43214509068167606,1.0,0.7721983027822285,1572.0
random_alpha_01,0.8706221217309152,3141,smooth,0.30464178022771643,0.026451044027829017,0.3514696685428393,1.0,0.8340222878057524,1553.0
random_alpha_01,0.8706221217309152,3141,balanced,0.25849174502063393,0.006935698468163637,0.0225140712945591,1.0,0.9982156253255525,1592.0
random_alpha_01,0.8706221217309152,3141,spiky,0.3161394219600668,0.008164556962023686,0.5866166353971232,1.0,0.5511702575678489,1561.0
random_alpha_01,0.8706221217309152,3141,bursty,0.3063607974217254,0.06213674234318965,0.1813633520950594,1.0,0.9309968999156188,1571.0
random_alpha_01,0.8706221217309152,3141,drifting,0.2831947459832449,0.010887167272713744,0.17886178861788618,1.0,0.9388494180433975,1583.0
random_alpha_01,0.8706221217309152,3141,inverted,0.3351193603271904,0.005775316455696358,0.43151969981238275,1.0,0.7720903725841965,1571.0
random_alpha_01,0.8706221217309152,4159,smooth,0.30203624426220516,0.02514069984700458,0.34709193245778613,1.0,0.8343890776734953,1522.0
random_alpha_01,0.8706221217309152,4159,balanced,0.25789592657807187,0.008039613530396464,0.020637898686679174,1.0,0.9984175513167014,1592.0
random_alpha_01,0.8706221217309152,4159,spiky,0.316476360586638,0.008924050632909478,0.5859912445278299,1.0,0.5505646553604305,1562.0
random_alpha_01,0.8706221217309152,4159,bursty,0.30522128923027736,0.037485911570473485,0.17761100687929957,1.0,0.9392272525575607,1546.0
random_alpha_01,0.8706221217309152,4159,drifting,0.28225042845238707,0.011168676657758864,0.17510944340212634,1.0,0.9419527123649047,1583.0
random_alpha_01,0.8706221217309152,4159,inverted,0.33649045662425997,0.00718354430379782,0.42964352720450283,1.0,0.7738794929000983,1576.0
random_alpha_02,0.5073240350060689,1618,smooth,0.32424095937375513,0.03484990980827571,0.0,1.0,0.8302613263599915,1538.0
random_alpha_02,0.5073240350060689,1618,balanced,0.19761477612785305,0.01928920416694259,0.0,1.0,0.9985975384523796,1563.0
random_alpha_02,0.5073240350060689,1618,spiky,0.290001595696895,0.023844936708859787,0.3220762976860538,1.0,0.5427820628772448,1542.0
random_alpha_02,0.5073240350060689,1618,bursty,0.3686798834148287,0.06274337728492542,0.0006253908692933083,1.0,0.936125760698103,1511.0
random_alpha_02,0.5073240350060689,1618,drifting,0.21299584772079663,0.020214806768515017,0.0,1.0,0.9403335949980316,1558.0
random_alpha_02,0.5073240350060689,1618,inverted,0.24035796315342975,0.014778481012657912,0.0,1.0,0.771729984550261,1537.0
random_alpha_02,0.5073240350060689,2718,smooth,0.3235582350159004,0.03369230411285709,0.0,1.0,0.8300316227140526,1548.0
random_alpha_02,0.5073240350060689,2718,balanced,0.1972423924573459,0.014640860350541796,0.0,1.0,0.9985848131831468,1557.0
random_alpha_02,0.5073240350060689,2718,spiky,0.2937476796187537,0.01602848101265443,0.32895559724828016,1.0,0.5449210518529783,1540.0
random_alpha_02,0.5073240350060689,2718,bursty,0.38261925687325304,0.035224183047471755,0.0,1.0,0.9404148435442903,1558.0
random_alpha_02,0.5073240350060689,2718,drifting,0.21465296636723097,0.006188945897398615,0.0,1.0,0.937145912395653,1558.0
random_alpha_02,0.5073240350060689,2718,inverted,0.23649579862546852,0.01275316455696221,0.0,1.0,0.7693883933904239,1544.0
random_alpha_02,0.5073240350060689,3141,smooth,0.3244442251604959,0.02713242334414083,0.0,1.0,0.8310868162223115,1541.0
random_alpha_02,0.5073240350060689,3141,balanced,0.19657531285620616,0.010876201799461846,0.0,1.0,0.9983986506891133,1562.0
random_alpha_02,0.5073240350060689,3141,spiky,0.28904101438471896,0.01606012658227869,0.32082551594746717,1.0,0.5461837299815313,1533.0
random_alpha_02,0.5073240350060689,3141,bursty,0.370155663520664,0.03965204236950454,0.0,1.0,0.938219403900256,1512.0
random_alpha_02,0.5073240350060689,3141,drifting,0.21320073706598894,0.015514813076151393,0.0006253908692933083,1.0,0.9382176909503834,1551.0
random_alpha_02,0.5073240350060689,3141,inverted,0.2426877208161182,0.010268987341772395,0.0,1.0,0.7739032704861621,1539.0
random_alpha_02,0.5073240350060689,4159,smooth,0.3252632632481838,0.0319055347694093,0.0,1.0,0.8289173329127741,1541.0
random_alpha_02,0.5073240350060689,4159,balanced,0.19667838193828402,0.02653397367126381,0.0,1.0,0.9982287225993994,1547.0
random_alpha_02,0.5073240350060689,4159,spiky,0.28796645316530073,0.01643987341771891,0.316447779862414,1.0,0.5492632147323396,1572.0
random_alpha_02,0.5073240350060689,4159,bursty,0.3720058263665806,0.04763882229311349,0.0,1.0,0.93777699147036,1547.0
random_alpha_02,0.5073240350060689,4159,drifting,0.2139687083342021,0.01198524228773229,0.0,1.0,0.9368318558756367,1553.0
random_alpha_02,0.5073240350060689,4159,inverted,0.23766151033893307,0.008496835443037809,0.0,1.0,0.7710695835082939,1541.0
random_alpha_03,0.6806744155796229,1618,smooth,0.1946786610533488,0.007566647273527259,0.0006253908692933083,1.0,0.8328207410366636,1570.0
random_alpha_03,0.6806744155796229,1618,balanced,0.2564339227566068,0.0031599455072148785,0.0,1.0,0.9983553446251673,1581.0
random_alpha_03,0.6806744155796229,1618,spiky,0.24802178284416676,0.010379746835441406,0.34146341463414637,1.0,0.5557831290869722,1554.0
random_alpha_03,0.6806744155796229,1618,bursty,0.2659324138787296,0.03420319052876998,0.013133208255159476,1.0,0.9478278967235741,1583.0
random_alpha_03,0.6806744155796229,1618,drifting,0.22852978625601764,0.010109458564088375,0.00375234521575985,1.0,0.937841728384321,1582.0
random_alpha_03,0.6806744155796229,1618,inverted,0.2561222617873039,0.0054272151898729915,0.133833646028768,1.0,0.7730507866341952,1578.0
random_alpha_03,0.6806744155796229,2718,smooth,0.1945707105653481,0.007807575859823189,0.0012507817385866166,1.0,0.83251457562755,1554.0
random_alpha_03,0.6806744155796229,2718,balanced,0.25601206167404095,0.010681602331039083,0.0,1.0,0.9983784183635371,1585.0
random_alpha_03,0.6806744155796229,2718,spiky,0.24393754174487908,0.0054588607594929645,0.33270794246404,1.0,0.5561180226546287,1554.0
random_alpha_03,0.6806744155796229,2718,bursty,0.26545835579316784,0.03322320722413728,0.028142589118198873,1.0,0.9335170796174124,1574.0
random_alpha_03,0.6806744155796229,2718,drifting,0.23280538467857284,0.025373146029172566,0.0031269543464665416,1.0,0.9357205265653554,1581.0
random_alpha_03,0.6806744155796229,2718,inverted,0.2549873010744454,0.014193037974683145,0.13696060037523453,1.0,0.7724745382041961,1576.0
random_alpha_03,0.6806744155796229,3141,smooth,0.19225341756812114,0.008751278978385922,0.0012507817385866166,1.0,0.8322610488202848,1559.0
random_alpha_03,0.6806744155796229,3141,balanced,0.25614338508752765,0.006383223268173921,0.0,1.0,0.9981824436258718,1584.0
random_alpha_03,0.6806744155796229,3141,spiky,0.24323991338098436,0.007689873417720136,0.33270794246404,1.0,0.5549068182397918,1553.0
random_alpha_03,0.6806744155796229,3141,bursty,0.2622564963602921,0.03159795763049547,0.0225140712945591,1.0,0.9378183959339951,1584.0
random_alpha_03,0.6806744155796229,3141,drifting,0.2340801919258351,0.027887839076999807,0.0050031269543464665,1.0,0.9397403301598021,1562.0
random_alpha_03,0.6806744155796229,3141,inverted,0.25373528677414087,0.005981012658227661,0.133833646028768,1.0,0.7721141501702604,1578.0
random_alpha_03,0.6806744155796229,4159,smooth,0.19155668496719538,0.005771105178031366,0.0012507817385866166,1.0,0.8316207189726174,1559.0
random_alpha_03,0.6806744155796229,4159,balanced,0.256673266781513,0.011960386469603526,0.0,1.0,0.9984078412866236,1584.0
random_alpha_03,0.6806744155796229,4159,spiky,0.24301028627025023,0.007594936708858593,0.3320825515947467,1.0,0.5533219577577606,1563.0
random_alpha_03,0.6806744155796229,4159,bursty,0.2669580731392229,0.03159795763049583,0.020012507817385866,1.0,0.9431140251579798,1584.0
random_alpha_03,0.6806744155796229,4159,drifting,0.2285361463147097,0.014162441272804374,0.0031269543464665416,1.0,0.9406681798197792,1587.0
random_alpha_03,0.6806744155796229,4159,inverted,0.2565631296301289,0.004556962025316039,0.13633520950594122,1.0,0.7711537361202617,1575.0
random_alpha_04,0.07531716068405585,1618,smooth,0.36278786200890095,0.016834808182540316,0.5609756097560976,1.0,0.8334568934450195,1567.0
random_alpha_04,0.07531716068405585,1618,balanced,0.3699014904536942,0.006636200641374448,0.3977485928705441,1.0,0.9983060731330304,1588.0
random_alpha_04,0.07531716068405585,1618,spiky,0.37182478968873967,0.012278481012654413,0.685428392745466,1.0,0.5596099259721692,1568.0
random_alpha_04,0.07531716068405585,1618,bursty,0.38393234534185094,0.025355144125339957,0.4265165728580363,1.0,0.9376726650104658,1577.0
random_alpha_04,0.07531716068405585,1618,drifting,0.3954761018658128,0.013964806768515026,0.42964352720450283,1.0,0.9411722286530932,1587.0
random_alpha_04,0.07531716068405585,1618,inverted,0.3720089902098425,0.025981012658227262,0.5384615384615384,1.0,0.7716220543522292,1581.0
random_alpha_04,0.07531716068405585,2718,smooth,0.3648640493277365,0.012889145096994181,0.5534709193245778,1.0,0.8364269200674785,1556.0
random_alpha_04,0.07531716068405585,2718,balanced,0.370245626364692,0.008532221146781635,0.3977485928705441,1.0,0.9981792712125933,1587.0
random_alpha_04,0.07531716068405585,2718,spiky,0.3700425249685913,0.0039398734177212985,0.6929330831769857,1.0,0.5523426994831478,1555.0
random_alpha_04,0.07531716068405585,2718,bursty,0.3822334551039729,0.03357617412880318,0.4290181363352095,1.0,0.9381440887969653,1578.0
random_alpha_04,0.07531716068405585,2718,drifting,0.39560279557052125,0.017810187570672167,0.4371482176360225,1.0,0.9361315535217974,1588.0
random_alpha_04,0.07531716068405585,2718,inverted,0.3696726717924432,0.021898734177215426,0.5340838023764853,1.0,0.7750082121740328,1577.0
random_alpha_04,0.07531716068405585,3141,smooth,0.36673730167847285,0.023131611431358605,0.557848655409631,1.0,0.8313978994202348,1548.0
random_alpha_04,0.07531716068405585,3141,balanced,0.3700226796172038,0.0056399354394399415,0.3977485928705441,1.0,0.998110535888989,1588.0
random_alpha_04,0.07531716068405585,3141,spiky,0.3714436437535026,0.009825949367090553,0.691682301438399,1.0,0.5520078059154916,1560.0
random_alpha_04,0.07531716068405585,3141,bursty,0.3894340882981621,0.04008049943176696,0.43902439024390244,1.0,0.9380265016335494,1559.0
random_alpha_04,0.07531716068405585,3141,drifting,0.3955949957570246,0.023216553724978106,0.434021263289556,1.0,0.9380306911910985,1575.0
random_alpha_04,0.07531716068405585,3141,inverted,0.37008009676404724,0.03134493670886057,0.5372107567229518,1.0,0.7714299715422294,1570.0
random_alpha_04,0.07531716068405585,4159,smooth,0.36422489672507946,0.01799362495555054,0.5622263914946842,1.0,0.8309460886437009,1561.0
random_alpha_04,0.07531716068405585,4159,balanced,0.36996695613030856,0.009734747882194361,0.3971232020012508,1.0,0.9983013568217192,1588.0
random_alpha_04,0.07531716068405585,4159,spiky,0.3692350666806513,0.0076740506329118635,0.6935584740462789,1.0,0.5488380849514293,1571.0
random_alpha_04,0.07531716068405585,4159,bursty,0.3844206949109446,0.03593536550483596,0.434021263289556,1.0,0.9331946161539695,1559.0
random_alpha_04,0.07531716068405585,4159,drifting,0.394957602380987,0.02190471130602778,0.43151969981238275,1.0,0.9421545067258122,1562.0
random_alpha_04,0.07531716068405585,4159,inverted,0.3708839324252718,0.022579113924051042,0.5347091932457786,1.0,0.7758606960259997,1560.0
random_alpha_05,0.5385293276832177,1618,smooth,0.2756688950650659,0.026905365533191734,0.0,1.0,0.822434223105544,1354.0
random_alpha_05,0.5385293276832177,1618,balanced,0.3349571523341221,0.03696656665222045,0.0,1.0,0.9985416684409558,1588.0
random_alpha_05,0.5385293276832177,1618,spiky,0.40366967647729113,0.04517405063290947,0.31832395247029394,1.0,0.5515439136350433,1065.0
random_alpha_05,0.5385293276832177,1618,bursty,0.2590273776578205,0.020419873213355394,0.00375234521575985,1.0,0.9368825586640468,1584.0
random_alpha_05,0.5385293276832177,1618,drifting,0.25058238461992666,0.014473784111494997,0.0,1.0,0.9426880146112037,1589.0
random_alpha_05,0.5385293276832177,1618,inverted,0.2914287913619027,0.04422468354430366,0.0,1.0,0.781143904361737,1526.0
random_alpha_05,0.5385293276832177,2718,smooth,0.2751143154296189,0.045571406851625806,0.0,1.0,0.8427708390513723,1356.0
random_alpha_05,0.5385293276832177,2718,balanced,0.33605124249082013,0.04233874198676822,0.0,1.0,0.9984210204257722,1587.0
random_alpha_05,0.5385293276832177,2718,spiky,0.39194571101689996,0.04691455696202124,0.29831144465290804,1.0,0.5587336151249886,1154.0
random_alpha_05,0.5385293276832177,2718,bursty,0.25355759513660686,0.016493377284925254,0.001876172607879925,1.0,0.9396398604959758,1587.0
random_alpha_05,0.5385293276832177,2718,drifting,0.24715976798167585,0.018638623820877512,0.0006253908692933083,1.0,0.9339408804884093,1589.0
random_alpha_05,0.5385293276832177,2718,inverted,0.29173507825729644,0.07740506329113887,0.0,1.0,0.7732190918581311,1299.0
random_alpha_05,0.5385293276832177,3141,smooth,0.27013817340077845,0.03587449455337809,0.0,1.0,0.8395531368874614,1264.0
random_alpha_05,0.5385293276832177,3141,balanced,0.334249771295188,0.04193569846816368,0.0,1.0,0.9982766683823019,1588.0
random_alpha_05,0.5385293276832177,3141,spiky,0.4125862944141878,0.04962025316455983,0.31207004377736086,1.0,0.5537858500382089,1153.0
random_alpha_05,0.5385293276832177,3141,bursty,0.2512776009013657,0.020111615722767595,0.0031269543464665416,1.0,0.9368756270345255,1583.0
random_alpha_05,0.5385293276832177,3141,drifting,0.2468029295602397,0.01370784684617185,0.0,1.0,0.9441827842429293,1552.0
random_alpha_05,0.5385293276832177,3141,inverted,0.2826273041063702,0.05723101265822725,0.0,1.0,0.7739636455120663,1376.0
random_alpha_05,0.5385293276832177,4159,smooth,0.2764009432217362,0.041907243677520314,0.0,1.0,0.8357561604845329,1264.0
random_alpha_05,0.5385293276832177,4159,balanced,0.33752787307677223,0.038210386469603536,0.0,1.0,0.998533930369261,1589.0
random_alpha_05,0.5385293276832177,4159,spiky,0.40020598893376946,0.037484177215187556,0.31769856160100063,1.0,0.5531287741170744,1062.0
random_alpha_05,0.5385293276832177,4159,bursty,0.25169452398755965,0.017567759410382536,0.0025015634771732333,1.0,0.9371239615275847,1583.0
random_alpha_05,0.5385293276832177,4159,drifting,0.24827914475937302,0.020457409795668277,0.0,1.0,0.9399383019342029,1578.0
random_alpha_05,0.5385293276832177,4159,inverted,0.2887545575863501,0.06223101265822764,0.0,1.0,0.7707091954743582,1511.0
random_alpha_06,0.7819631237407766,1618,smooth,0.22643055919800123,0.01103086361872889,0.11507191994996874,1.0,0.8307816245224913,1556.0
random_alpha_06,0.7819631237407766,1618,balanced,0.24527767801860043,0.0061981082761795175,0.0,1.0,0.998435780762025,1592.0
random_alpha_06,0.7819631237407766,1618,spiky,0.26367300632739327,0.006645569620254421,0.43839899937460913,1.0,0.5510800213545949,1547.0
random_alpha_06,0.7819631237407766,1618,bursty,0.26789842560423616,0.016006622715074595,0.041901188242651655,1.0,0.9370348077253995,1576.0
random_alpha_06,0.7819631237407766,1618,drifting,0.24657747572408847,0.010902296761412009,0.04002501563477173,1.0,0.937976727219207,1586.0
random_alpha_06,0.7819631237407766,1618,inverted,0.2798023672896373,0.0077848101265819425,0.2582864290181363,1.0,0.7725824684022278,1577.0
random_alpha_06,0.7819631237407766,2718,smooth,0.22174066660191982,0.014814141409095857,0.1050656660412758,1.0,0.8334864920426263,1551.0
random_alpha_06,0.7819631237407766,2718,balanced,0.2449577483222177,0.009453560115477835,0.0,1.0,0.9984534918662133,1589.0
random_alpha_06,0.7819631237407766,2718,spiky,0.26362752725422334,0.0041297468354414,0.4365228267667292,1.0,0.5514536774217892,1547.0
random_alpha_06,0.7819631237407766,2718,bursty,0.2644243433123975,0.019148275408327933,0.0450281425891182,1.0,0.9329483292961325,1580.0
random_alpha_06,0.7819631237407766,2718,drifting,0.2460041622455806,0.004670599109309656,0.043151969981238276,1.0,0.935560156181619,1586.0
random_alpha_06,0.7819631237407766,2718,inverted,0.2789195294847597,0.0063607594936711115,0.2582864290181363,1.0,0.7704091824663267,1569.0
random_alpha_06,0.7819631237407766,3141,smooth,0.22458189608076143,0.012617257628621488,0.11006879299562226,1.0,0.8336300525070638,1572.0
random_alpha_06,0.7819631237407766,3141,balanced,0.2446085645664309,0.001889935439439952,0.0,1.0,0.9982723437844419,1592.0
random_alpha_06,0.7819631237407766,3141,spiky,0.26381179663897003,0.010174050632910672,0.4365228267667292,1.0,0.5522912257694318,1545.0
random_alpha_06,0.7819631237407766,3141,bursty,0.2617955577479673,0.020940596150719776,0.03877423389618512,1.0,0.9406316041051435,1569.0
random_alpha_06,0.7819631237407766,3141,drifting,0.24591121114531556,0.00965491700763954,0.03814884302689181,1.0,0.9399300280420791,1581.0
random_alpha_06,0.7819631237407766,3141,inverted,0.27866784656127214,0.0036550632911398345,0.2582864290181363,1.0,0.7714537491282932,1581.0
random_alpha_06,0.7819631237407766,4159,smooth,0.22514125799115162,0.010059337481736999,0.10694183864915573,1.0,0.8339231030034219,1572.0
random_alpha_06,0.7819631237407766,4159,balanced,0.24415220422877054,0.005226492969923571,0.0,1.0,0.998200672192674,1592.0
random_alpha_06,0.7819631237407766,4159,spiky,0.2643418194326676,0.007594936708859773,0.4358974358974359,1.0,0.5532704840440446,1555.0
random_alpha_06,0.7819631237407766,4159,bursty,0.2604140459165345,0.020777308505917205,0.04127579737335835,1.0,0.9350301794743744,1550.0
random_alpha_06,0.7819631237407766,4159,drifting,0.24314396118990497,0.012637679066099486,0.0375234521575985,1.0,0.9390318714785905,1581.0
random_alpha_06,0.7819631237407766,4159,inverted,0.28106660144802076,0.010063291139240454,0.2589118198874296,1.0,0.7710695835082939,1577.0
random_alpha_07,0.17859251845220298,1618,smooth,0.2815591081150653,0.011659931100169628,0.20012507817385866,1.0,0.8314332249846007,1407.0
random_alpha_07,0.17859251845220298,1618,balanced,0.25585588892390543,0.00947732177606933,0.0,1.0,0.9981790620827673,1589.0
random_alpha_07,0.17859251845220298,1618,spiky,0.3414352971332389,0.01566455696202608,0.4878048780487805,1.0,0.5528065917635963,1413.0
random_alpha_07,0.17859251845220298,1618,bursty,0.26288067657678865,0.01101084420524212,0.0675422138836773,1.0,0.9342906426025561,1579.0
random_alpha_07,0.17859251845220298,1618,drifting,0.25517132964256356,0.012738985602580757,0.07817385866166354,1.0,0.9382251949142261,1589.0
random_alpha_07,0.17859251845220298,1618,inverted,0.3304600185463901,0.014731012658227266,0.3395872420262664,1.0,0.7723062329802601,1578.0
random_alpha_07,0.17859251845220298,2718,smooth,0.2815694097023024,0.010757782783419337,0.2032520325203252,1.0,0.8328641766471792,1419.0
random_alpha_07,0.17859251845220298,2718,balanced,0.2590806069489974,0.009415664232015397,0.0,1.0,0.998425319432029,1589.0
random_alpha_07,0.17859251845220298,2718,spiky,0.342421738529622,0.034129746835440164,0.4834271419637273,1.0,0.5542497423186572,1502.0
random_alpha_07,0.17859251845220298,2718,bursty,0.26122581772671405,0.01265492186525033,0.06879299562226392,1.0,0.9341379182470675,1574.0
random_alpha_07,0.17859251845220298,2718,drifting,0.25728877727087385,0.009447658956956151,0.07754846779237023,1.0,0.9387710464328385,1589.0
random_alpha_07,0.17859251845220298,2718,inverted,0.3324789230186381,0.005981012658227244,0.33646028767979985,1.0,0.7746478241400974,1576.0
random_alpha_07,0.17859251845220298,3141,smooth,0.2843629586858338,0.010930519976809279,0.2026266416510319,1.0,0.8294295458003315,1494.0
random_alpha_07,0.17859251845220298,3141,balanced,0.25758064442741185,0.009867451091400345,0.0,1.0,0.9982718816950639,1590.0
random_alpha_07,0.17859251845220298,3141,spiky,0.34603853351204744,0.02191455696202123,0.4903064415259537,1.0,0.5498688169397581,1409.0
random_alpha_07,0.17859251845220298,3141,bursty,0.2627885404399906,0.010500341653896197,0.06629143214509069,1.0,0.937890402405172,1582.0
random_alpha_07,0.17859251845220298,3141,drifting,0.2568951643649603,0.005286280299504953,0.07567229518449031,1.0,0.9395268476434958,1573.0
random_alpha_07,0.17859251845220298,3141,inverted,0.3292556635561879,0.014731012658227266,0.3383364602876798,1.0,0.7703250298543587,1579.0
random_alpha_07,0.17859251845220298,4159,smooth,0.28245099444827454,0.008663824171769474,0.2038774233896185,1.0,0.8328768670226812,1371.0
random_alpha_07,0.17859251845220298,4159,balanced,0.2590489399749965,0.006898957950991519,0.0,1.0,0.9983605858585676,1590.0
random_alpha_07,0.17859251845220298,4159,spiky,0.3400880208062597,0.012895569620253247,0.48467792370231394,1.0,0.557934829276884,1532.0
random_alpha_07,0.17859251845220298,4159,bursty,0.2602513298272403,0.013508221992608274,0.06816760475297061,1.0,0.934616271974611,1549.0
random_alpha_07,0.17859251845220298,4159,drifting,0.25483708408822037,0.012062552193712522,0.07567229518449031,1.0,0.9400036788790059,1573.0
random_alpha_07,0.17859251845220298,4159,inverted,0.33223234987820977,0.007420886075948999,0.33458411507191993,1.0,0.7762448616459993,1572.0
random_alpha_08,0.21083043298876492,1618,smooth,0.25919666504502953,0.007543140903151106,0.12570356472795496,1.0,0.8309878201655592,1489.0
random_alpha_08,0.21083043298876492,1618,balanced,0.2743866232636754,0.008596239704925596,0.0,1.0,0.9984398627482391,1589.0
random_alpha_08,0.21083043298876492,1618,spiky,0.3436048560675065,0.005664556962023684,0.43277048155096937,1.0,0.5557570778016125,1494.0
random_alpha_08,0.21083043298876492,1618,bursty,0.25589915642220823,0.028872668990343076,0.046278924327704814,1.0,0.9312754227702844,1573.0
random_alpha_08,0.21083043298876492,1618,drifting,0.24692744789887505,0.009427630190027403,0.043777360850531584,1.0,0.9406411687727209,1584.0
random_alpha_08,0.21083043298876492,1618,inverted,0.2950942863740985,0.012389240506328891,0.2764227642276423,1.0,0.7708775006982941,1567.0
random_alpha_08,0.21083043298876492,2718,smooth,0.25850736283651143,0.013228090871264295,0.12320200125078173,1.0,0.8338097841933133,1475.0
random_alpha_08,0.21083043298876492,2718,balanced,0.274296741691081,0.005161258013231765,0.0,1.0,0.9982135883643766,1590.0
random_alpha_08,0.21083043298876492,2718,spiky,0.3340707336111963,0.007594936708858566,0.43151969981238275,1.0,0.5658203691875019,1532.0
random_alpha_08,0.21083043298876492,2718,bursty,0.2544892157190639,0.03044564011039129,0.0450281425891182,1.0,0.9339745626753002,1578.0
random_alpha_08,0.21083043298876492,2718,drifting,0.24511455544368302,0.009013073185527007,0.047529706066291436,1.0,0.9365856014192334,1586.0
random_alpha_08,0.21083043298876492,2718,inverted,0.2917786506451784,0.004367088607595132,0.27204502814258913,1.0,0.773242869444195,1584.0
random_alpha_08,0.21083043298876492,3141,smooth,0.2583530714463297,0.0075091763718255974,0.12382739212007504,1.0,0.8315968680522325,1553.0
random_alpha_08,0.21083043298876492,3141,balanced,0.2736580915502336,0.01121983537379409,0.0,1.0,0.9982222017024809,1589.0
random_alpha_08,0.21083043298876492,3141,spiky,0.3461526517068373,0.013655063291137831,0.4515322076297686,1.0,0.5394191582724962,1520.0
random_alpha_08,0.21083043298876492,3141,bursty,0.24664168888453658,0.014216900121060347,0.04690431519699812,1.0,0.9281471485748279,1580.0
random_alpha_08,0.21083043298876492,3141,drifting,0.2446783013465433,0.005156470360938831,0.04252657911194497,1.0,0.9406002109982099,1558.0
random_alpha_08,0.21083043298876492,3141,inverted,0.2923677852284201,0.011898734177215847,0.27392120075046905,1.0,0.7720299975582925,1582.0
random_alpha_08,0.21083043298876492,4159,smooth,0.2613869202578045,0.005906176645396624,0.12195121951219512,1.0,0.8310261596460257,1463.0
random_alpha_08,0.21083043298876492,4159,balanced,0.27346580741515475,0.01361146517649503,0.0,1.0,0.9982922435581694,1591.0
random_alpha_08,0.21083043298876492,4159,spiky,0.3507302897965681,0.006993670886074568,0.4634146341463415,1.0,0.5376798766493167,1538.0
random_alpha_08,0.21083043298876492,4159,bursty,0.25503731674495933,0.021161684109317583,0.04940587867417136,1.0,0.9298662724619158,1571.0
random_alpha_08,0.21083043298876492,4159,drifting,0.24291538679816124,0.004677856170750519,0.043151969981238276,1.0,0.9396547885237689,1577.0
random_alpha_08,0.21083043298876492,4159,inverted,0.29142899412007717,0.008528481012658837,0.27204502814258913,1.0,0.7730507866341952,1570.0
random_alpha_09,0.10290597373653937,1618,smooth,0.3339425385249042,0.011106409704410035,0.4459036898061288,1.0,0.8350098842472192,1557.0
random_alpha_09,0.10290597373653937,1618,balanced,0.309584882371486,0.020013721726432204,0.17636022514071295,1.0,0.9984646948756385,1591.0
random_alpha_09,0.10290597373653937,1618,spiky,0.3464333103110429,0.006914556962021257,0.632895559724828,1.0,0.5575611732096897,1567.0
random_alpha_09,0.10290597373653937,1618,bursty,0.3413074930444223,0.010460171067954063,0.29018136335209505,1.0,0.9378990782958668,1564.0
random_alpha_09,0.10290597373653937,1618,drifting,0.31976873606972245,0.004916223029757735,0.2764227642276423,1.0,0.9404258241961847,1587.0
random_alpha_09,0.10290597373653937,1618,inverted,0.356636766642523,0.015981012658227628,0.48530331457160725,1.0,0.7721983027822285,1581.0
random_alpha_09,0.10290597373653937,2718,smooth,0.33224623759868577,0.008522647183130838,0.44652908067542213,1.0,0.834005963323476,1577.0
random_alpha_09,0.10290597373653937,2718,balanced,0.30850079018237697,0.017102557403379404,0.17698561601000626,1.0,0.9980764332874247,1590.0
random_alpha_09,0.10290597373653937,2718,spiky,0.3457159981961076,0.006914556962021257,0.6322701688555347,1.0,0.5568138610753012,1567.0
random_alpha_09,0.10290597373653937,2718,bursty,0.343007561220291,0.016354520213978846,0.2970606629143214,1.0,0.9367096379131372,1573.0
random_alpha_09,0.10290597373653937,2718,drifting,0.3218557270190747,0.010334854334170668,0.28330206378986866,1.0,0.9358501550191782,1588.0
random_alpha_09,0.10290597373653937,2718,inverted,0.35614006728859127,0.022943037974683153,0.48530331457160725,1.0,0.7732190918581311,1577.0
random_alpha_09,0.10290597373653937,3141,smooth,0.3345126158138638,0.01550563891913296,0.44965603502188867,1.0,0.832563261979191,1533.0
random_alpha_09,0.10290597373653937,3141,balanced,0.30853578243538904,0.017359201108241865,0.17636022514071295,1.0,0.9980469146234264,1591.0
random_alpha_09,0.10290597373653937,3141,spiky,0.34427110342705275,0.0048892405063302585,0.6397748592870544,1.0,0.5455781277741129,1561.0
random_alpha_09,0.10290597373653937,3141,bursty,0.3424903841385443,0.018426473474323385,0.29893683552220135,1.0,0.9329859402776615,1588.0
random_alpha_09,0.10290597373653937,3141,drifting,0.3206677385424318,0.011310786352698651,0.2789243277048155,1.0,0.9382566572776113,1572.0
random_alpha_09,0.10290597373653937,3141,inverted,0.3541655764842834,0.01401898734177276,0.4834271419637273,1.0,0.7729428564361635,1581.0
random_alpha_09,0.10290597373653937,4159,smooth,0.33499692027594963,0.008707276703454309,0.44715447154471544,1.0,0.8332272756089619,1562.0
random_alpha_09,0.10290597373653937,4159,balanced,0.3085519099127759,0.019015252117805595,0.17636022514071295,1.0,0.9981900201359379,1591.0
random_alpha_09,0.10290597373653937,4159,spiky,0.3464322898411614,0.006756329113927845,0.6378986866791745,1.0,0.5493534509455936,1569.0
random_alpha_09,0.10290597373653937,4159,bursty,0.3459662393118807,0.020131969388208812,0.29768605378361473,1.0,0.9328780839629262,1589.0
random_alpha_09,0.10290597373653937,4159,drifting,0.319533964737911,0.015430039204343785,0.2782989368355222,1.0,0.93828684594949,1582.0
random_alpha_09,0.10290597373653937,4159,inverted,0.3555582060409372,0.016898734177214866,0.48592870544090055,1.0,0.7735191048661627,1580.0
random_alpha_10,0.5102104674919723,1618,smooth,0.2609348224044673,0.015075652321984073,0.0,1.0,0.8291604535521963,1556.0
random_alpha_10,0.5102104674919723,1618,balanced,0.29805292752318663,0.022066093689875096,0.0,1.0,0.9980967271831173,1573.0
random_alpha_10,0.5102104674919723,1618,spiky,0.28806154657177724,0.02767405063290944,0.30956848030018763,1.0,0.5583084853440783,1558.0
random_alpha_10,0.5102104674919723,1618,bursty,0.31901186566208367,0.05717817319007455,0.0031269543464665416,1.0,0.9387482887313761,1545.0
random_alpha_10,0.5102104674919723,1618,drifting,0.2855707431480193,0.01569850637086638,0.0,1.0,0.9421459385351965,1568.0
random_alpha_10,0.5102104674919723,1618,inverted,0.22326076747956444,0.05776898734177274,0.0,1.0,0.7823329986615757,1555.0
random_alpha_10,0.5102104674919723,2718,smooth,0.2610863283596408,0.012802043741772115,0.0,1.0,0.8348514282513054,1562.0
random_alpha_10,0.5102104674919723,2718,balanced,0.29802472436912997,0.02585255740337944,0.0,1.0,0.9981403487934515,1569.0
random_alpha_10,0.5102104674919723,2718,spiky,0.2880501680501424,0.03482594936709055,0.31832395247029394,1.0,0.5515439136350433,1556.0
random_alpha_10,0.5102104674919723,2718,bursty,0.32308535813556083,0.038993377284925274,0.0006253908692933083,1.0,0.9347720860835065,1558.0
random_alpha_10,0.5102104674919723,2718,drifting,0.28249519371860793,0.026103015986842407,0.0006253908692933083,1.0,0.9346035675047087,1570.0
random_alpha_10,0.5102104674919723,2718,inverted,0.21327956252786737,0.011534810126581932,0.0,1.0,0.7663626236025558,1560.0
random_alpha_10,0.5102104674919723,3141,smooth,0.25912013990683763,0.019445063667250566,0.0,1.0,0.8298748399519763,1557.0
random_alpha_10,0.5102104674919723,3141,balanced,0.29813279068006177,0.02708053729721123,0.0,1.0,0.9982659571474519,1561.0
random_alpha_10,0.5102104674919723,3141,spiky,0.29257205253567514,0.03518987341772255,0.31957473420888055,1.0,0.5521495158424616,1551.0
random_alpha_10,0.5102104674919723,3141,bursty,0.3192846452451417,0.0538616157227676,0.0006253908692933083,1.0,0.939205392517396,1548.0
random_alpha_10,0.5102104674919723,3141,drifting,0.2865245771630163,0.026342547568974237,0.0,1.0,0.943686774125413,1565.0
random_alpha_10,0.5102104674919723,3141,inverted,0.21371715887716736,0.03310126582278418,0.0,1.0,0.760658652206979,1557.0
random_alpha_10,0.5102104674919723,4159,smooth,0.2597823191621481,0.011615860652479541,0.0,1.0,0.8324042232145767,1514.0
random_alpha_10,0.5102104674919723,4159,balanced,0.2980019382040316,0.02689512392982925,0.0,1.0,0.998090128517218,1561.0
random_alpha_10,0.5102104674919723,4159,spiky,0.29052493278185715,0.03518987341772252,0.3151969981238274,1.0,0.5547136345991056,1580.0
random_alpha_10,0.5102104674919723,4159,bursty,0.32024583713659954,0.05715204236950415,0.001876172607879925,1.0,0.9382929113365822,1561.0
random_alpha_10,0.5102104674919723,4159,drifting,0.28670423176045634,0.028628101691253433,0.0,1.0,0.9436992572981747,1565.0
random_alpha_10,0.5102104674919723,4159,inverted,0.22356147276920232,0.07651898734177275,0.0,1.0,0.766878497006651,1557.0
random_alpha_11,0.49199624718434076,1618,smooth,0.2729215466168385,0.054071086755006194,0.0,1.0,0.8334335579067542,1546.0
random_alpha_11,0.49199624718434076,1618,balanced,0.17765836534920745,0.019272678223930625,0.0,1.0,0.9977197948961245,1555.0
random_alpha_11,0.49199624718434076,1618,spiky,0.29199200610917236,0.017594936708856146,0.29956222639149466,1.0,0.5640423250647845,1573.0
random_alpha_11,0.49199624718434076,1618,bursty,0.28677870944130746,0.04385998146495822,0.0025015634771732333,1.0,0.9260665706260586,1542.0
random_alpha_11,0.49199624718434076,1618,drifting,0.2529560430589455,0.025955453159243136,0.0,1.0,0.9356202931520343,1547.0
random_alpha_11,0.49199624718434076,1618,inverted,0.216727549339157,0.01136075949367113,0.0,1.0,0.7799914075017385,1543.0
random_alpha_11,0.49199624718434076,2718,smooth,0.27662428813687995,0.05061393448549974,0.0,1.0,0.8365319592551791,1562.0
random_alpha_11,0.49199624718434076,2718,balanced,0.1774384831374317,0.020559588218048458,0.0,1.0,0.9977334597964754,1557.0
random_alpha_11,0.49199624718434076,2718,spiky,0.2889420601036698,0.019208860759491728,0.3008130081300813,1.0,0.5639006151378144,1575.0
random_alpha_11,0.49199624718434076,2718,bursty,0.2977411595285762,0.030018927747794105,0.0,1.0,0.9299817029542077,1563.0
random_alpha_11,0.49199624718434076,2718,drifting,0.25011900914517105,0.03704790541224294,0.0,1.0,0.937688787342042,1545.0
random_alpha_11,0.49199624718434076,2718,inverted,0.21519790918756246,0.007784810126581929,0.0,1.0,0.7692804631923922,1568.0
random_alpha_11,0.49199624718434076,3141,smooth,0.2785205315891241,0.045485313848574814,0.0,1.0,0.8362831850087439,1537.0
random_alpha_11,0.49199624718434076,3141,balanced,0.17877536075924053,0.020331400749529424,0.0,1.0,0.9982886614827744,1554.0
random_alpha_11,0.49199624718434076,3141,spiky,0.2870419271017644,0.01732594936708695,0.29831144465290804,1.0,0.5625991745097234,1539.0
random_alpha_11,0.49199624718434076,3141,bursty,0.29119397490255367,0.040524473003368394,0.00375234521575985,1.0,0.9274903605416267,1541.0
random_alpha_11,0.49199624718434076,3141,drifting,0.2523271666447531,0.01868971494053767,0.0,1.0,0.9350802929895293,1554.0
random_alpha_11,0.49199624718434076,3141,inverted,0.216251839961487,0.007610759493671168,0.0,1.0,0.7703250298543587,1565.0
random_alpha_11,0.49199624718434076,4159,smooth,0.27673108004754415,0.02940553476940931,0.0,1.0,0.8339972988841494,1535.0
random_alpha_11,0.49199624718434076,4159,balanced,0.17928402528824203,0.012216026328736154,0.0,1.0,0.9982222866834577,1554.0
random_alpha_11,0.49199624718434076,4159,spiky,0.29640921024479977,0.0214398734177213,0.3258286429018136,1.0,0.5467893321889497,1549.0
random_alpha_11,0.49199624718434076,4159,bursty,0.2866348437939126,0.030674904185708285,0.00375234521575985,1.0,0.9262385028685326,1539.0
random_alpha_11,0.49199624718434076,4159,drifting,0.25477024611113447,0.02161851005571644,0.0,1.0,0.9386449811766514,1552.0
random_alpha_11,0.49199624718434076,4159,inverted,0.21737297683186527,0.010094936708861121,0.0,1.0,0.7719220673602607,1547.0
random_alpha_12,0.7105113127491449,1618,smooth,0.21205857609061154,0.030150090191724287,0.013133208255159476,1.0,0.8283243366814803,1332.0
random_alpha_12,0.7105113127491449,1618,balanced,0.250099882273671,0.007075877770662278,0.0,1.0,0.9984700540882778,1591.0
random_alpha_12,0.7105113127491449,1618,spiky,0.26341210774783697,0.008354430379750408,0.36397748592870544,1.0,0.5549970544530458,1567.0
random_alpha_12,0.7105113127491449,1618,bursty,0.2738313361792287,0.025231676781741055,0.0300187617260788,1.0,0.9379451846314365,1540.0
random_alpha_12,0.7105113127491449,1618,drifting,0.22539041832122994,0.007773670659917867,0.008130081300813009,1.0,0.940688177535038,1587.0
random_alpha_12,0.7105113127491449,1618,inverted,0.24799416203990718,0.011503164556962195,0.16072545340838024,1.0,0.7738794929000983,1576.0
random_alpha_12,0.7105113127491449,2718,smooth,0.21651912534167414,0.03383350451894955,0.016260162601626018,1.0,0.8312087148090669,1570.0
random_alpha_12,0.7105113127491449,2718,balanced,0.2498885405198412,0.006847891165210854,0.0,1.0,0.9983081899764998,1592.0
random_alpha_12,0.7105113127491449,2718,spiky,0.2629478091797236,0.011155063291142644,0.36585365853658536,1.0,0.5522009895561778,1567.0
random_alpha_12,0.7105113127491449,2718,bursty,0.2803575725096726,0.013479643146516077,0.02689180737961226,1.0,0.9405704267584726,1578.0
random_alpha_12,0.7105113127491449,2718,drifting,0.22474080293771231,0.012605922735642205,0.010631644777986242,1.0,0.9357904304590045,1580.0
random_alpha_12,0.7105113127491449,2718,inverted,0.24957486614276642,0.013275316455696753,0.16760475297060662,1.0,0.7698567116223913,1577.0
random_alpha_12,0.7105113127491449,3141,smooth,0.2153347574398914,0.02193264931158253,0.010006253908692933,1.0,0.8351849871415863,1572.0
random_alpha_12,0.7105113127491449,3141,balanced,0.24973997239750403,0.003437400312761754,0.0,1.0,0.9981928045153516,1584.0
random_alpha_12,0.7105113127491449,3141,spiky,0.26409056730114777,0.005284810126582856,0.367104440275172,1.0,0.5460032575550232,1562.0
random_alpha_12,0.7105113127491449,3141,bursty,0.27870397656635354,0.021361615722767582,0.028142589118198873,1.0,0.9367933182233605,1573.0
random_alpha_12,0.7105113127491449,3141,drifting,0.22524915864786438,0.009331571807530525,0.008130081300813009,1.0,0.9387886586125234,1565.0
random_alpha_12,0.7105113127491449,3141,inverted,0.2491397672881574,0.008101265822784531,0.1651031894934334,1.0,0.7730270090481315,1575.0
random_alpha_12,0.7105113127491449,4159,smooth,0.21851254562942554,0.018768123787996985,0.010631644777986242,1.0,0.8341666059954168,1503.0
random_alpha_12,0.7105113127491449,4159,balanced,0.24986784625052377,0.004288971559071264,0.0,1.0,0.9982158875767962,1584.0
random_alpha_12,0.7105113127491449,4159,spiky,0.26474927574142393,0.011060126582278701,0.36647904940587867,1.0,0.5466088597624417,1566.0
random_alpha_12,0.7105113127491449,4159,bursty,0.28070749566315245,0.025189554565883468,0.03189493433395872,1.0,0.9341949221940902,1576.0
random_alpha_12,0.7105113127491449,4159,drifting,0.2244842298174629,0.009562552193712534,0.008755472170106316,1.0,0.9391287232987756,1565.0
random_alpha_12,0.7105113127491449,4159,inverted,0.2500544466493818,0.013275316455696781,0.16385240775484677,1.0,0.7685121319523932,1569.0
random_alpha_13,0.49321322419881486,1618,smooth,0.31497393394963374,0.013035453912307225,0.0,1.0,0.834446599818012,1536.0
random_alpha_13,0.49321322419881486,1618,balanced,0.2476429673024853,0.016536896426163003,0.0,1.0,0.9978065599591217,1547.0
random_alpha_13,0.49321322419881486,1618,spiky,0.33004419118060135,0.028560126582276274,0.308317698561601,1.0,0.5557443665874344,1569.0
random_alpha_13,0.49321322419881486,1618,bursty,0.31576231479385924,0.022058509974414373,0.00375234521575985,1.0,0.8887232883690251,1532.0
random_alpha_13,0.49321322419881486,1618,drifting,0.36299402691674026,0.02744643974895143,0.0006253908692933083,1.0,0.9448691690190318,1533.0
random_alpha_13,0.49321322419881486,1618,inverted,0.2452234104520733,0.007246835443037808,0.0,1.0,0.773327022056163,1533.0
random_alpha_13,0.49321322419881486,2718,smooth,0.30584181377131126,0.05745410642666708,0.0,1.0,0.8346938083301443,1552.0
random_alpha_13,0.49321322419881486,2718,balanced,0.24762135103202576,0.013059588218048451,0.0,1.0,0.9975689578540091,1551.0
random_alpha_13,0.49321322419881486,2718,spiky,0.326221114820879,0.027594936708859777,0.31207004377736086,1.0,0.5558346028006884,1571.0
random_alpha_13,0.49321322419881486,2718,bursty,0.32609251566550196,0.046826904195627225,0.0006253908692933083,1.0,0.9231682049044578,1559.0
random_alpha_13,0.49321322419881486,2718,drifting,0.35702062213353425,0.03491690133341212,0.0,1.0,0.9295758248544083,1533.0
random_alpha_13,0.49321322419881486,2718,inverted,0.2519387968429215,0.0085126582278479,0.0,1.0,0.774071575710098,1562.0
random_alpha_13,0.49321322419881486,3141,smooth,0.3134879437618074,0.022821220489798157,0.0,1.0,0.8331142981107065,1523.0
random_alpha_13,0.49321322419881486,3141,balanced,0.2476069879054822,0.014081400749529432,0.0,1.0,0.9980821510993806,1546.0
random_alpha_13,0.49321322419881486,3141,spiky,0.33208959533579635,0.01795886075949052,0.31019387116948094,1.0,0.5549970544530458,1527.0
random_alpha_13,0.49321322419881486,3141,bursty,0.3130404996643127,0.020210873633409593,0.001876172607879925,1.0,0.8954768783733481,1531.0
random_alpha_13,0.49321322419881486,3141,drifting,0.3667158111333582,0.04204961100904954,0.0,1.0,0.9357928120638921,1544.0
random_alpha_13,0.49321322419881486,3141,inverted,0.24988518567743365,0.009731012658227262,0.0,1.0,0.7737111876761624,1559.0
random_alpha_13,0.49321322419881486,4159,smooth,0.3124046360957649,0.0293444652305907,0.0,1.0,0.8345517498044195,1523.0
random_alpha_13,0.49321322419881486,4159,balanced,0.24774598001866305,0.016512362999050248,0.0,1.0,0.9980829086978303,1546.0
random_alpha_13,0.49321322419881486,4159,spiky,0.3293164584946418,0.025458860759490498,0.31269543464665417,1.0,0.5556026566604643,1539.0
random_alpha_13,0.49321322419881486,4159,bursty,0.3183759710782067,0.02304377161237707,0.0025015634771732333,1.0,0.8924635592074679,1529.0
random_alpha_13,0.49321322419881486,4159,drifting,0.36728632913731113,0.04206996079565624,0.0,1.0,0.9386549619305593,1540.0
random_alpha_13,0.49321322419881486,4159,inverted,0.2500863603219794,0.009034810126582485,0.0,1.0,0.773242869444195,1537.0
random_alpha_14,0.7177377654234341,1618,smooth,0.20086577100585587,0.017063399764162275,0.0150093808630394,1.0,0.8279401004637909,1559.0
random_alpha_14,0.7177377654234341,1618,balanced,0.24694378386674862,0.004934915235747295,0.0,1.0,0.9982177588204505,1590.0
random_alpha_14,0.7177377654234341,1618,spiky,0.2611157528070372,0.0029905063291148087,0.37460913070669166,1.0,0.5519175697022375,1566.0
random_alpha_14,0.7177377654234341,1618,bursty,0.27180469387646855,0.019587677205023246,0.028142589118198873,1.0,0.9396833636681731,1567.0
random_alpha_14,0.7177377654234341,1618,drifting,0.22758664687456454,0.005269991740399174,0.011882426516572859,1.0,0.9386773707462308,1587.0
random_alpha_14,0.7177377654234341,1618,inverted,0.25076422659073755,0.01365506329113983,0.16948092557848654,1.0,0.774839906950097,1568.0
random_alpha_14,0.7177377654234341,2718,smooth,0.20762444259490653,0.015466408584774008,0.0150093808630394,1.0,0.8362349550171347,1573.0
random_alpha_14,0.7177377654234341,2718,balanced,0.24676627926626657,0.009328884000228063,0.0,1.0,0.9983978222285712,1583.0
random_alpha_14,0.7177377654234341,2718,spiky,0.2614182847701928,0.012895569620256897,0.37460913070669166,1.0,0.5525231719096559,1559.0
random_alpha_14,0.7177377654234341,2718,bursty,0.2728784720802486,0.023809232443465764,0.030644152595372107,1.0,0.9343046233419592,1576.0
random_alpha_14,0.7177377654234341,2718,drifting,0.22725735592902593,0.004894077264357824,0.011882426516572859,1.0,0.9377911810087766,1576.0
random_alpha_14,0.7177377654234341,2718,inverted,0.2497330470282439,0.013813291139240472,0.17448405253283303,1.0,0.7656180699486208,1562.0
random_alpha_14,0.7177377654234341,3141,smooth,0.21287039844232614,0.00974223174609374,0.017510944340212633,1.0,0.8358983897643817,1575.0
random_alpha_14,0.7177377654234341,3141,balanced,0.24724704687109575,0.005294099295606619,0.0,1.0,0.9982652909412009,1589.0
random_alpha_14,0.7177377654234341,3141,spiky,0.2605805790429802,0.008370253164558625,0.37523452157598497,1.0,0.5507966015006547,1561.0
random_alpha_14,0.7177377654234341,3141,bursty,0.2755514591764426,0.03284795763049546,0.029393370856785492,1.0,0.9379960546556496,1565.0
random_alpha_14,0.7177377654234341,3141,drifting,0.22579498804571216,0.010855374872064852,0.010631644777986242,1.0,0.9412679252305911,1571.0
random_alpha_14,0.7177377654234341,3141,inverted,0.25031104203888743,0.016851265822784525,0.1726078799249531,1.0,0.766938872032555,1569.0
random_alpha_14,0.7177377654234341,4159,smooth,0.21142425155053976,0.010858658277008035,0.015634771732332707,1.0,0.8365558134593397,1543.0
random_alpha_14,0.7177377654234341,4159,balanced,0.2449294927580409,0.003334258158849676,0.0,1.0,0.9982586129334847,1589.0
random_alpha_14,0.7177377654234341,4159,spiky,0.2632746169948504,0.011471518987345566,0.37398373983739835,1.0,0.5548553445260757,1565.0
random_alpha_14,0.7177377654234341,4159,bursty,0.2741427896270022,0.03670036195070475,0.027517198248905566,1.0,0.939106245651997,1565.0
random_alpha_14,0.7177377654234341,4159,drifting,0.22622540895375384,0.010185662634548592,0.012507817385866166,1.0,0.9390529475060189,1571.0
random_alpha_14,0.7177377654234341,4159,inverted,0.25221277894779237,0.013655063291139816,0.1732332707942464,1.0,0.7695566986143598,1575.0
random_alpha_15,0.16251413933187214,1618,smooth,0.2737396860927816,0.008288983957432959,0.2407754846779237,1.0,0.8328489128809227,1542.0
random_alpha_15,0.16251413933187214,1618,balanced,0.25077158695863366,0.01017158311722706,0.0,1.0,0.9983589975054459,1580.0
random_alpha_15,0.16251413933187214,1618,spiky,0.30349352037340954,0.006028481012655643,0.5178236397748592,1.0,0.5522912257694318,1567.0
random_alpha_15,0.16251413933187214,1618,bursty,0.2991241516340795,0.03399337728492541,0.1050656660412758,1.0,0.9288544597745627,1576.0
random_alpha_15,0.16251413933187214,1618,drifting,0.2505862165457656,0.007042884072059455,0.09881175734834272,1.0,0.9397243269164942,1573.0
random_alpha_15,0.16251413933187214,1618,inverted,0.3112624486961053,0.006360759493670751,0.3702313946216385,1.0,0.7696646288123916,1569.0
random_alpha_15,0.16251413933187214,2718,smooth,0.2755470617237512,0.01688606551450028,0.24640400250156347,1.0,0.831037366103758,1561.0
random_alpha_15,0.16251413933187214,2718,balanced,0.25069629879603117,0.009166331315100265,0.0,1.0,0.998328297827382,1589.0
random_alpha_15,0.16251413933187214,2718,spiky,0.3058474507904069,0.008560126582277519,0.5159474671669794,1.0,0.5584501952710483,1561.0
random_alpha_15,0.16251413933187214,2718,bursty,0.29739222410215876,0.020542171092678432,0.09130706691682301,1.0,0.9435573049287487,1559.0
random_alpha_15,0.16251413933187214,2718,drifting,0.25051187435746286,0.010624901696755382,0.10068792995622264,1.0,0.937780920705963,1587.0
random_alpha_15,0.16251413933187214,2718,inverted,0.31010575642727106,0.009177215189873453,0.3608505315822389,1.0,0.7782260647719006,1573.0
random_alpha_15,0.16251413933187214,3141,smooth,0.2780157614314191,0.0193816114313586,0.24577861163227016,1.0,0.8325462810730783,1570.0
random_alpha_15,0.16251413933187214,3141,balanced,0.25070591360306926,0.013376201799461834,0.0,1.0,0.9983457232449375,1583.0
random_alpha_15,0.16251413933187214,3141,spiky,0.30520913527604965,0.0070411392405094475,0.5178236397748592,1.0,0.5557443665874344,1563.0
random_alpha_15,0.16251413933187214,3141,bursty,0.2920629974055851,0.020363257656810352,0.09568480300187618,1.0,0.9395647972721147,1550.0
random_alpha_15,0.16251413933187214,3141,drifting,0.24899102720645938,0.006995680498976045,0.10006253908692933,1.0,0.9374112644691983,1558.0
random_alpha_15,0.16251413933187214,3141,inverted,0.31365501652394456,0.007056962025316457,0.37335834896810505,1.0,0.7687883673743608,1570.0
random_alpha_15,0.16251413933187214,4159,smooth,0.28022880575063475,0.019801912409640077,0.24515322076297685,1.0,0.8336159097056034,1533.0
random_alpha_15,0.16251413933187214,4159,balanced,0.25122815985288205,0.011388073736516055,0.0,1.0,0.9983438350677798,1590.0
random_alpha_15,0.16251413933187214,4159,spiky,0.3034957441968566,0.0060759493670905496,0.5159474671669794,1.0,0.5548553445260757,1562.0
random_alpha_15,0.16251413933187214,4159,bursty,0.29718653117659155,0.02702043836544922,0.0969355847404628,1.0,0.9386586653149598,1550.0
random_alpha_15,0.16251413933187214,4159,drifting,0.2500939346729419,0.011708060783412078,0.09568480300187618,1.0,0.9407349174069454,1570.0
random_alpha_15,0.16251413933187214,4159,inverted,0.3110173495398216,0.006518987341772767,0.36522826766729205,1.0,0.7738191178741942,1563.0
random_alpha_16,0.4502635502282447,1618,smooth,0.23110169627988342,0.025918570289728014,0.0,1.0,0.8311466362105481,1528.0
random_alpha_16,0.4502635502282447,1618,balanced,0.2771953874069314,0.012346239704925627,0.0,1.0,0.9984621221550262,1592.0
random_alpha_16,0.4502635502282447,1618,spiky,0.3085597903376441,0.021914556962023643,0.32707942464040024,1.0,0.5524716981959399,1506.0
random_alpha_16,0.4502635502282447,1618,bursty,0.25463395521016186,0.022814846270741318,0.004377736085053158,1.0,0.9360719148891569,1572.0
random_alpha_16,0.4502635502282447,1618,drifting,0.2331721913164622,0.006793634813391569,0.0006253908692933083,1.0,0.9398288179230535,1589.0
random_alpha_16,0.4502635502282447,1618,inverted,0.20640628052776125,0.013655063291138858,0.004377736085053158,1.0,0.7721983027822285,1569.0
random_alpha_16,0.4502635502282447,2718,smooth,0.22939990833797752,0.019609821495096887,0.0,1.0,0.8316343910864908,1486.0
random_alpha_16,0.4502635502282447,2718,balanced,0.27561406040764397,0.017420732103416006,0.0,1.0,0.9983720277280801,1591.0
random_alpha_16,0.4502635502282447,2718,spiky,0.30337952384958505,0.007325949367089343,0.30956848030018763,1.0,0.5547651083128217,1557.0
random_alpha_16,0.4502635502282447,2718,bursty,0.2553161861079461,0.00908483886145052,0.0031269543464665416,1.0,0.9384965368220949,1572.0
random_alpha_16,0.4502635502282447,2718,drifting,0.23259177337556378,0.009006643630489544,0.0,1.0,0.9365495915087161,1589.0
random_alpha_16,0.4502635502282447,2718,inverted,0.20707390260916825,0.01830696202531687,0.006253908692933083,1.0,0.7755003079920642,1586.0
random_alpha_16,0.4502635502282447,3141,smooth,0.227844119248831,0.0221787795102018,0.0,1.0,0.8314171613617589,1578.0
random_alpha_16,0.4502635502282447,3141,balanced,0.2754438942358252,0.015277387737647224,0.0,1.0,0.9982512181162471,1592.0
random_alpha_16,0.4502635502282447,3141,spiky,0.2932744783650707,0.013560126582276275,0.30331457160725456,1.0,0.5540692698921492,1538.0
random_alpha_16,0.4502635502282447,3141,bursty,0.2532327642860229,0.01132188459163383,0.0025015634771732333,1.0,0.9389540211315821,1573.0
random_alpha_16,0.4502635502282447,3141,drifting,0.23361462108191244,0.008355374872064877,0.0,1.0,0.9414429684210991,1567.0
random_alpha_16,0.4502635502282447,3141,inverted,0.20606870760861623,0.011851265822784146,0.0050031269543464665,1.0,0.7752844475960007,1585.0
random_alpha_16,0.4502635502282447,4159,smooth,0.23146441646689392,0.03287104889654291,0.0,1.0,0.8319047639338777,1487.0
random_alpha_16,0.4502635502282447,4159,balanced,0.2751430537085977,0.013611465176494988,0.0,1.0,0.9983311568194589,1591.0
random_alpha_16,0.4502635502282447,4159,spiky,0.3014632495354984,0.00795886075949176,0.31894934333958724,1.0,0.5495853970858178,1513.0
random_alpha_16,0.4502635502282447,4159,bursty,0.25556152976766794,0.015770438365449196,0.0050031269543464665,1.0,0.9366462008743391,1573.0
random_alpha_16,0.4502635502282447,4159,drifting,0.23428314114521226,0.0049046737241067034,0.0,1.0,0.9392999723022704,1576.0
random_alpha_16,0.4502635502282447,4159,inverted,0.2045523501009253,0.009208860759494078,0.005628517823639775,1.0,0.7690042277704245,1580.0
random_alpha_17,0.7954782062976449,1618,smooth,0.252599374872386,0.029924347678015904,0.1275797373358349,1.0,0.8343729414732296,1558.0
random_alpha_17,0.7954782062976449,1618,balanced,0.2646332814751307,0.007513721726432193,0.0,1.0,0.9982031083172843,1583.0
random_alpha_17,0.7954782062976449,1618,spiky,0.2874742820576276,0.007721518987341955,0.450281425891182,1.0,0.548425666384697,1558.0
random_alpha_17,0.7954782062976449,1618,bursty,0.2904543972797696,0.0383956542279158,0.043151969981238276,1.0,0.9403237669183104,1555.0
random_alpha_17,0.7954782062976449,1618,drifting,0.22849635013863612,0.0157924802188419,0.050031269543464665,1.0,0.9398659726625523,1582.0
random_alpha_17,0.7954782062976449,1618,inverted,0.2909054816429676,0.010427215189873815,0.28893058161350843,1.0,0.7683438267284574,1563.0
random_alpha_17,0.7954782062976449,2718,smooth,0.25961996940948984,0.03205315901586285,0.15384615384615385,1.0,0.8255266653825065,1578.0
random_alpha_17,0.7954782062976449,2718,balanced,0.26473886769034516,0.008637124201497842,0.0,1.0,0.9983600504529359,1585.0
random_alpha_17,0.7954782062976449,2718,spiky,0.28868039551218144,0.004778481012656863,0.4515322076297686,1.0,0.5569943335018092,1563.0
random_alpha_17,0.7954782062976449,2718,bursty,0.2864516550195536,0.03419838682809241,0.043151969981238276,1.0,0.9378294676519111,1577.0
random_alpha_17,0.7954782062976449,2718,drifting,0.22678948926838255,0.012665107913413604,0.05190744215134459,1.0,0.938226257713508,1576.0
random_alpha_17,0.7954782062976449,2718,inverted,0.28940805475482095,0.005806962025316859,0.28142589118198874,1.0,0.7759686262240315,1567.0
random_alpha_17,0.7954782062976449,3141,smooth,0.2635332578730437,0.03411186789579806,0.15447154471544716,1.0,0.8291332509891548,1531.0
random_alpha_17,0.7954782062976449,3141,balanced,0.2649794803226293,0.010003365577715126,0.0,1.0,0.9981673428814999,1586.0
random_alpha_17,0.7954782062976449,3141,spiky,0.2866819771231128,0.006629746835442596,0.4509068167604753,1.0,0.5473561718968303,1556.0
random_alpha_17,0.7954782062976449,3141,bursty,0.28735436908148626,0.04924341319393674,0.041901188242651655,1.0,0.935532847610055,1542.0
random_alpha_17,0.7954782062976449,3141,drifting,0.22494506940473885,0.00865066638009046,0.04815509693558474,1.0,0.9391070163988544,1565.0
random_alpha_17,0.7954782062976449,3141,inverted,0.28950187955643164,0.007768987341772754,0.2851782363977486,1.0,0.7723903855922282,1572.0
random_alpha_17,0.7954782062976449,4159,smooth,0.26119046575612215,0.029590666821070616,0.15447154471544716,1.0,0.8270259437714799,1556.0
random_alpha_17,0.7954782062976449,4159,balanced,0.26455364670157044,0.008557334680899087,0.0,1.0,0.9981783359367309,1586.0
random_alpha_17,0.7954782062976449,4159,spiky,0.28926595555374685,0.007879746835442611,0.4521575984990619,1.0,0.5488895586651453,1557.0
random_alpha_17,0.7954782062976449,4159,bursty,0.28584705200088567,0.060347957630495816,0.043777360850531584,1.0,0.9347764746903781,1542.0
random_alpha_17,0.7954782062976449,4159,drifting,0.22514378928715992,0.010295755303927082,0.050031269543464665,1.0,0.9389010176376441,1560.0
random_alpha_17,0.7954782062976449,4159,inverted,0.28883030190608894,0.01118670886075955,0.28330206378986866,1.0,0.773327022056163,1561.0
random_alpha_18,0.4499933106547786,1618,smooth,0.25915996095585436,0.05661755404629085,0.0,1.0,0.8317706736141656,1359.0
random_alpha_18,0.4499933106547786,1618,balanced,0.2966466358692294,0.03626372172643218,0.0,1.0,0.9988277324791589,1592.0
random_alpha_18,0.4499933106547786,1618,spiky,0.34362857214730536,0.04308544303797633,0.31144465290806755,1.0,0.5554609467334941,1159.0
random_alpha_18,0.4499933106547786,1618,bursty,0.26764965922119155,0.04032550169500357,0.00375234521575985,1.0,0.9372934829800029,1572.0
random_alpha_18,0.4499933106547786,1618,drifting,0.25212491639789625,0.040657245686777796,0.0,1.0,0.9375136970900173,1584.0
random_alpha_18,0.4499933106547786,1618,inverted,0.2350155979021882,0.014936708860759554,0.02564102564102564,1.0,0.7764625841635518,1580.0
random_alpha_18,0.4499933106547786,2718,smooth,0.25511852906543414,0.08822809087126432,0.0,1.0,0.8327827283634841,1337.0
random_alpha_18,0.4499933106547786,2718,balanced,0.2878878150702061,0.10257926789658398,0.0,1.0,0.9984001480388828,1591.0
random_alpha_18,0.4499933106547786,2718,spiky,0.34260277647312176,0.13058544303797634,0.3151969981238274,1.0,0.5518273334889835,1153.0
random_alpha_18,0.4499933106547786,2718,bursty,0.2566986956251438,0.042905219178930545,0.004377736085053158,1.0,0.9358253514260548,1572.0
random_alpha_18,0.4499933106547786,2718,drifting,0.24307288480083383,0.04880237879545962,0.0,1.0,0.935441735583126,1589.0
random_alpha_18,0.4499933106547786,2718,inverted,0.20920205068408265,0.011344936708861109,0.009380863039399626,1.0,0.7718141371622289,1586.0
random_alpha_18,0.4499933106547786,3141,smooth,0.26065450513492217,0.09150205949384509,0.0,1.0,0.8347696144583294,1309.0
random_alpha_18,0.4499933106547786,3141,balanced,0.2967309130460623,0.12027738773764723,0.0,1.0,0.9990779748240847,1592.0
random_alpha_18,0.4499933106547786,3141,spiky,0.3531720060954331,0.1480854430379763,0.3389618511569731,1.0,0.5442639759318437,1402.0
random_alpha_18,0.4499933106547786,3141,bursty,0.262585301795871,0.06548474187223462,0.00375234521575985,1.0,0.9381127737440684,1573.0
random_alpha_18,0.4499933106547786,3141,drifting,0.24069245585647184,0.05358390764871135,0.0,1.0,0.9393099018512977,1547.0
random_alpha_18,0.4499933106547786,3141,inverted,0.20963981696938333,0.02080696202531608,0.0050031269543464665,1.0,0.7766052496799348,1585.0
random_alpha_18,0.4499933106547786,4159,smooth,0.25410968137495493,0.06585865827700804,0.0,1.0,0.8340814815273419,1498.0
random_alpha_18,0.4499933106547786,4159,balanced,0.2779571255758137,0.06651525211780561,0.0,1.0,0.9977720174858651,1591.0
random_alpha_18,0.4499933106547786,4159,spiky,0.3380568722261043,0.13433544303797634,0.29956222639149466,1.0,0.5569168085027334,1154.0
random_alpha_18,0.4499933106547786,4159,bursty,0.2512220914963578,0.02672070979622901,0.006253908692933083,1.0,0.9355083088271399,1573.0
random_alpha_18,0.4499933106547786,4159,drifting,0.23989096891510825,0.03827197722720713,0.0,1.0,0.9416779350464789,1576.0
random_alpha_18,0.4499933106547786,4159,inverted,0.20132505924173713,0.005601265822784626,0.0,1.0,0.7712250688784533,1580.0
random_alpha_19,0.5163175852051484,1618,smooth,0.22614460751936435,0.01339227223797703,0.0,1.0,0.8342216876210548,1545.0
random_alpha_19,0.5163175852051484,1618,balanced,0.22996707958846718,0.011318799587454437,0.0,1.0,0.9986053752305887,1582.0
random_alpha_19,0.5163175852051484,1618,spiky,0.2614096902939155,0.00857594936708693,0.32020012507817386,1.0,0.5509383114276247,1545.0
random_alpha_19,0.5163175852051484,1618,bursty,0.27853161491369527,0.02232215015634581,0.0025015634771732333,1.0,0.9377186114120524,1574.0
random_alpha_19,0.5163175852051484,1618,drifting,0.24563794227863392,0.008121731876987587,0.0006253908692933083,1.0,0.9387584028988727,1580.0
random_alpha_19,0.5163175852051484,1618,inverted,0.22001975715032146,0.03685126582278461,0.0,1.0,0.7747319767520652,1571.0
random_alpha_19,0.5163175852051484,2718,smooth,0.2257797386872279,0.007022951036688374,0.0,1.0,0.8328867403944297,1549.0
random_alpha_19,0.5163175852051484,2718,balanced,0.2304641899712855,0.009412595166056345,0.0,1.0,0.9984209295077016,1580.0
random_alpha_19,0.5163175852051484,2718,spiky,0.26279127938330393,0.009541139240509477,0.31081926203877425,1.0,0.5537858500382089,1549.0
random_alpha_19,0.5163175852051484,2718,bursty,0.2729119851257327,0.01540521917893059,0.0,1.0,0.9368008790936638,1564.0
random_alpha_19,0.5163175852051484,2718,drifting,0.24643956252592822,0.006415107913413598,0.0,1.0,0.938148481126547,1575.0
random_alpha_19,0.5163175852051484,2718,inverted,0.2185681407954782,0.026139240506328876,0.0,1.0,0.7738794929000983,1574.0
random_alpha_19,0.5163175852051484,3141,smooth,0.22646373197478925,0.005936206322662556,0.0,1.0,0.8302039549793677,1484.0
random_alpha_19,0.5163175852051484,3141,balanced,0.229328801279063,0.010259050263957376,0.0,1.0,0.9983629488835126,1575.0
random_alpha_19,0.5163175852051484,3141,spiky,0.26256057304262803,0.01300632911392785,0.316447779862414,1.0,0.5507063652874006,1544.0
random_alpha_19,0.5163175852051484,3141,bursty,0.27539573680178225,0.03107097035236242,0.0,1.0,0.9403292812594338,1558.0
random_alpha_19,0.5163175852051484,3141,drifting,0.24585752045821846,0.006033244579598876,0.0,1.0,0.9404067426064004,1577.0
random_alpha_19,0.5163175852051484,3141,inverted,0.2189210670903904,0.0325949367088606,0.0,1.0,0.766938872032555,1573.0
random_alpha_19,0.5163175852051484,4159,smooth,0.224778236306479,0.008494322206773847,0.0,1.0,0.8307748610110379,1546.0
random_alpha_19,0.5163175852051484,4159,balanced,0.22991097923363435,0.005896328648786836,0.0,1.0,0.9985012871173999,1575.0
random_alpha_19,0.5163175852051484,4159,spiky,0.26111757615173176,0.009541139240507035,0.316447779862414,1.0,0.5526648818366261,1528.0
random_alpha_19,0.5163175852051484,4159,bursty,0.27578432584548496,0.02556507833096207,0.001876172607879925,1.0,0.9355979558591342,1575.0
random_alpha_19,0.5163175852051484,4159,drifting,0.24626922681314095,0.007560369160119235,0.0,1.0,0.9413598680295572,1577.0
random_alpha_19,0.5163175852051484,4159,inverted,0.21883619124444806,0.031186708860759554,0.0,1.0,0.7752002949840326,1569.0
random_alpha_20,0.6913423037983438,1618,smooth,0.18983470361865035,0.010358548997834081,0.00375234521575985,1.0,0.8342439601396373,1543.0
random_alpha_20,0.6913423037983438,1618,balanced,0.2565132718824324,0.005941939300216734,0.0,1.0,0.9984211152918525,1589.0
random_alpha_20,0.6913423037983438,1618,spiky,0.2530892678636556,0.020664556962023642,0.34896810506566606,1.0,0.55522900059327,1556.0
random_alpha_20,0.6913423037983438,1618,bursty,0.2525300023350217,0.012899363590683083,0.02689180737961226,1.0,0.9342172499564849,1570.0
random_alpha_20,0.6913423037983438,1618,drifting,0.2569025176736768,0.023644624208647866,0.0050031269543464665,1.0,0.9421525473105627,1588.0
random_alpha_20,0.6913423037983438,1618,inverted,0.23457246275133703,0.005981012658227647,0.14634146341463414,1.0,0.7719220673602607,1571.0
random_alpha_20,0.6913423037983438,2718,smooth,0.1943077855194342,0.010769585097229278,0.004377736085053158,1.0,0.8323768353369978,1533.0
random_alpha_20,0.6913423037983438,2718,balanced,0.25632326490584345,0.003214046446745042,0.0,1.0,0.998299793859832,1587.0
random_alpha_20,0.6913423037983438,2718,spiky,0.24805270973282809,0.010094936708863397,0.34896810506566606,1.0,0.5509383114276247,1533.0
random_alpha_20,0.6913423037983438,2718,bursty,0.2531362445170806,0.00846631801940309,0.021888680425265792,1.0,0.9385945196949348,1573.0
random_alpha_20,0.6913423037983438,2718,drifting,0.25605274785184806,0.012648713399396744,0.008130081300813009,1.0,0.9366373113119679,1590.0
random_alpha_20,0.6913423037983438,2718,inverted,0.2352667428558782,0.006898734177215801,0.14509068167604752,1.0,0.7734349522541948,1559.0
random_alpha_20,0.6913423037983438,3141,smooth,0.1938738063300127,0.010375505446621906,0.004377736085053158,1.0,0.833768853108014,1548.0
random_alpha_20,0.6913423037983438,3141,balanced,0.2567610369455581,0.005937400312761715,0.0,1.0,0.998180591126586,1590.0
random_alpha_20,0.6913423037983438,3141,spiky,0.2501641718254642,0.013655063291142633,0.34834271419637275,1.0,0.5535024301842687,1532.0
random_alpha_20,0.6913423037983438,3141,bursty,0.254391549703501,0.01019949840390083,0.027517198248905566,1.0,0.9336850732542235,1575.0
random_alpha_20,0.6913423037983438,3141,drifting,0.2613835314560361,0.029134131552807654,0.0050031269543464665,1.0,0.9377897229273277,1544.0
random_alpha_20,0.6913423037983438,3141,inverted,0.23526535105386986,0.008101265822784545,0.14446529080675422,1.0,0.7703250298543587,1562.0
random_alpha_20,0.6913423037983438,4159,smooth,0.18963839720474962,0.01304016366609248,0.00375234521575985,1.0,0.8317289379558196,1535.0
random_alpha_20,0.6913423037983438,4159,balanced,0.2564796240477275,0.006388073736516051,0.0,1.0,0.9982967248249889,1588.0
random_alpha_20,0.6913423037983438,4159,spiky,0.24825972157219667,0.012104430379744346,0.35021888680425267,1.0,0.5509383114276247,1552.0
random_alpha_20,0.6913423037983438,4159,bursty,0.2511564159499142,0.009780551535986379,0.027517198248905566,1.0,0.9359780345439275,1575.0
random_alpha_20,0.6913423037983438,4159,drifting,0.25451623547360386,0.008197025181133522,0.008130081300813009,1.0,0.9396789401679757,1551.0
random_alpha_20,0.6913423037983438,4159,inverted,0.23774985781852243,0.008829113924051044,0.14696685428392744,1.0,0.7720903725841965,1574.0
random_alpha_21,0.5308667265730522,1618,smooth,0.19609934066683432,0.013220454438884047,0.0,1.0,0.8337442294844353,1522.0
random_alpha_21,0.5308667265730522,1618,balanced,0.23704834437795613,0.007434915235747311,0.0,1.0,0.9981445845745899,1586.0
random_alpha_21,0.5308667265730522,1618,spiky,0.23931265870586765,0.013971518987346776,0.3227016885553471,1.0,0.5515439136350433,1554.0
random_alpha_21,0.5308667265730522,1618,bursty,0.24623742589975664,0.011663121148232494,0.0012507817385866166,1.0,0.9378770116365484,1578.0
random_alpha_21,0.5308667265730522,1618,drifting,0.22764312020126468,0.00816021126514084,0.0006253908692933083,1.0,0.9382443950484526,1585.0
random_alpha_21,0.5308667265730522,1618,inverted,0.1995999474821582,0.01846518987341811,0.0,1.0,0.7748161293640331,1570.0
random_alpha_21,0.5308667265730522,2718,smooth,0.1934918188651829,0.013912694153994695,0.0,1.0,0.8346837985649107,1556.0
random_alpha_21,0.5308667265730522,2718,balanced,0.23664583249051105,0.011856293552423333,0.0,1.0,0.9980772725048106,1589.0
random_alpha_21,0.5308667265730522,2718,spiky,0.2372065476885968,0.01414556962025082,0.31957473420888055,1.0,0.5460934937682772,1569.0
random_alpha_21,0.5308667265730522,2718,bursty,0.2470164405262929,0.011480052157812268,0.001876172607879925,1.0,0.9355072862120386,1578.0
random_alpha_21,0.5308667265730522,2718,drifting,0.2276454493271932,0.009353053739258196,0.0012507817385866166,1.0,0.9374057710299027,1587.0
random_alpha_21,0.5308667265730522,2718,inverted,0.19498256497736427,0.015110759493671147,0.0,1.0,0.7647655860966539,1575.0
random_alpha_21,0.5308667265730522,3141,smooth,0.1956027605681551,0.012813793677337454,0.0,1.0,0.8328201590716939,1570.0
random_alpha_21,0.5308667265730522,3141,balanced,0.2368476240468486,0.01039648357800034,0.0,1.0,0.9981474711699316,1586.0
random_alpha_21,0.5308667265730522,3141,spiky,0.2380888052601156,0.016060126582277498,0.32082551594746717,1.0,0.5486061388112051,1551.0
random_alpha_21,0.5308667265730522,3141,bursty,0.2461535750201369,0.02173474187223462,0.001876172607879925,1.0,0.9370257193865763,1577.0
random_alpha_21,0.5308667265730522,3141,drifting,0.22525416296374895,0.007821080345620679,0.0,1.0,0.939760812510835,1572.0
random_alpha_21,0.5308667265730522,3141,inverted,0.19756295549126576,0.01221518987341809,0.0,1.0,0.7721141501702604,1574.0
random_alpha_21,0.5308667265730522,4159,smooth,0.20069416008727306,0.024121048896542943,0.0,1.0,0.8320993498165369,1555.0
random_alpha_21,0.5308667265730522,4159,balanced,0.23608731435990524,0.005157212863262303,0.0,1.0,0.9981953694831054,1586.0
random_alpha_21,0.5308667265730522,4159,spiky,0.23850929071779603,0.00824367088607214,0.3089430894308943,1.0,0.5639908513510684,1564.0
random_alpha_21,0.5308667265730522,4159,bursty,0.24793435310863657,0.013410894207825985,0.0025015634771732333,1.0,0.9361469816401814,1577.0
random_alpha_21,0.5308667265730522,4159,drifting,0.22653290815466434,0.009114915057829187,0.0,1.0,0.9391793607311562,1572.0
random_alpha_21,0.5308667265730522,4159,inverted,0.19915674159858646,0.01205696202531685,0.0,1.0,0.776413166869935,1583.0
random_alpha_22,0.5580680747481497,1618,smooth,0.19757754772897607,0.028501239178844305,0.0,1.0,0.8279765516042003,1515.0
random_alpha_22,0.5580680747481497,1618,balanced,0.25324751990130984,0.004363783122447784,0.0,1.0,0.9983949134732807,1592.0
random_alpha_22,0.5580680747481497,1618,spiky,0.24451711640612034,0.00653481012658047,0.3170731707317073,1.0,0.5511702575678489,1558.0
random_alpha_22,0.5580680747481497,1618,bursty,0.2573448452355955,0.0335066227150746,0.005628517823639775,1.0,0.9401012708486977,1563.0
random_alpha_22,0.5580680747481497,1618,drifting,0.2328198090470776,0.0049464397489514395,0.0,1.0,0.9402857133074579,1587.0
random_alpha_22,0.5580680747481497,1618,inverted,0.20505342154998274,0.00973101265822765,0.01125703564727955,1.0,0.7757765434140319,1566.0
random_alpha_22,0.5580680747481497,2718,smooth,0.19395621217840894,0.016978090871264256,0.0,1.0,0.832277735194602,1551.0
random_alpha_22,0.5580680747481497,2718,balanced,0.2528344400910685,0.006866779883690541,0.0,1.0,0.9983205359978327,1591.0
random_alpha_22,0.5580680747481497,2718,spiky,0.24293764863140874,0.006344936708860965,0.31894934333958724,1.0,0.5515439136350433,1558.0
random_alpha_22,0.5580680747481497,2718,bursty,0.261510943582471,0.026121216142805784,0.004377736085053158,1.0,0.9363768668889854,1579.0
random_alpha_22,0.5580680747481497,2718,drifting,0.23153436393920165,0.010214844498070794,0.0006253908692933083,1.0,0.9383674765019627,1584.0
random_alpha_22,0.5580680747481497,2718,inverted,0.20440729478889683,0.011693037974683532,0.009380863039399626,1.0,0.777097345497966,1567.0
random_alpha_22,0.5580680747481497,3141,smooth,0.1931335936441954,0.011630013425735032,0.0,1.0,0.8317341498247375,1550.0
random_alpha_22,0.5580680747481497,3141,balanced,0.25222779454799743,0.00776730024711586,0.0,1.0,0.9983622749554678,1592.0
random_alpha_22,0.5580680747481497,3141,spiky,0.24128907271911385,0.006629746835440181,0.3151969981238274,1.0,0.5518273334889835,1557.0
random_alpha_22,0.5580680747481497,3141,bursty,0.26185008616849204,0.024234741872234594,0.004377736085053158,1.0,0.938832940784299,1578.0
random_alpha_22,0.5580680747481497,3141,drifting,0.2308422528775432,0.005475764515704182,0.0,1.0,0.9394318259783426,1568.0
random_alpha_22,0.5580680747481497,3141,inverted,0.20782442521631944,0.012768987341771967,0.01876172607879925,1.0,0.7733032444700991,1568.0
random_alpha_22,0.5580680747481497,4159,smooth,0.19476350304989845,0.012774261711564164,0.0,1.0,0.8335185305247812,1559.0
random_alpha_22,0.5580680747481497,4159,balanced,0.2532620818169164,0.010011356442215402,0.0,1.0,0.9979793330699548,1592.0
random_alpha_22,0.5580680747481497,4159,spiky,0.24355667053688615,0.01066455696202126,0.31957473420888055,1.0,0.5507063652874006,1562.0
random_alpha_22,0.5580680747481497,4159,bursty,0.26416702369410505,0.017134633232065946,0.0068792995622263915,1.0,0.9380244541198004,1571.0
random_alpha_22,0.5580680747481497,4159,drifting,0.23223455529131531,0.007864915057829241,0.0006253908692933083,1.0,0.9409569957304912,1568.0
random_alpha_22,0.5580680747481497,4159,inverted,0.20615863789404362,0.0070727848101265894,0.010631644777986242,1.0,0.7744557413300975,1577.0
random_alpha_23,0.7037824945084041,1618,smooth,0.2280485709932472,0.014849909808275677,0.008130081300813009,1.0,0.8287570872763831,1463.0
random_alpha_23,0.7037824945084041,1618,balanced,0.2548007295814844,0.005636216877552197,0.0,1.0,0.998370674853862,1591.0
random_alpha_23,0.7037824945084041,1618,spiky,0.29814127608674357,0.018844936708858562,0.36335209505941213,1.0,0.5526134081229099,1429.0
random_alpha_23,0.7037824945084041,1618,bursty,0.2583295253387096,0.013604669118504595,0.028767979987492184,1.0,0.9383277622772268,1579.0
random_alpha_23,0.7037824945084041,1618,drifting,0.23826017710901298,0.005263926268345626,0.008130081300813009,1.0,0.9366654644191388,1584.0
random_alpha_23,0.7037824945084041,1618,inverted,0.27989423303233246,0.010268987341771924,0.158223889931207,1.0,0.7726666210141958,1580.0
random_alpha_23,0.7037824945084041,2718,smooth,0.22310952791787744,0.018760768905901143,0.0068792995622263915,1.0,0.8351948235439706,1429.0
random_alpha_23,0.7037824945084041,2718,balanced,0.25711096447414594,0.00917988671232653,0.0,1.0,0.9981815505954371,1590.0
random_alpha_23,0.7037824945084041,2718,spiky,0.29725812989843126,0.011234177215187546,0.3627267041901188,1.0,0.5480520103175027,1504.0
random_alpha_23,0.7037824945084041,2718,bursty,0.25452690448664866,0.01211504971878502,0.02689180737961226,1.0,0.937684092032596,1583.0
random_alpha_23,0.7037824945084041,2718,drifting,0.23927753326899573,0.010194474845710413,0.008755472170106316,1.0,0.9387245280483952,1587.0
random_alpha_23,0.7037824945084041,2718,inverted,0.2778203087780495,0.021503164556962218,0.1575984990619137,1.0,0.7777577465399332,1581.0
random_alpha_23,0.7037824945084041,3141,smooth,0.2272656595034203,0.0207492613338789,0.009380863039399626,1.0,0.8322969480711183,1576.0
random_alpha_23,0.7037824945084041,3141,balanced,0.2550323996800161,0.007709247297944005,0.0,1.0,0.998124337725878,1591.0
random_alpha_23,0.7037824945084041,3141,spiky,0.29664008426437144,0.02183544303797391,0.3627267041901188,1.0,0.5492632147323396,1431.0
random_alpha_23,0.7037824945084041,3141,bursty,0.25361446956482675,0.0036781154083661977,0.02689180737961226,1.0,0.9388237415273946,1567.0
random_alpha_23,0.7037824945084041,3141,drifting,0.23684462896885036,0.009106077860724204,0.006253908692933083,1.0,0.9379880729906135,1559.0
random_alpha_23,0.7037824945084041,3141,inverted,0.28121103168513095,0.013101265822784161,0.16197623514696685,1.0,0.770961653310262,1583.0
random_alpha_23,0.7037824945084041,4159,smooth,0.22399182945189308,0.01358959978894693,0.008755472170106316,1.0,0.8287414840987896,1441.0
random_alpha_23,0.7037824945084041,4159,balanced,0.2566141132835683,0.004544971681848767,0.0,1.0,0.9981934183930504,1591.0
random_alpha_23,0.7037824945084041,4159,spiky,0.29279884371929427,0.005174050632910668,0.3683552220137586,1.0,0.5402567066201388,1434.0
random_alpha_23,0.7037824945084041,4159,bursty,0.25483761429873564,0.00903802745371042,0.028767979987492184,1.0,0.9367355540905158,1567.0
random_alpha_23,0.7037824945084041,4159,drifting,0.2379902091095102,0.0051892576324358425,0.008755472170106316,1.0,0.9364363676031415,1579.0
random_alpha_23,0.7037824945084041,4159,inverted,0.27802047356172566,0.0175949367088606,0.16072545340838024,1.0,0.7652339043286213,1573.0
random_alpha_24,0.11437494840243285,1618,smooth,0.3322559238026856,0.017483528232516983,0.4046278924327705,1.0,0.8334193118814253,1570.0
random_alpha_24,0.11437494840243285,1618,balanced,0.28163829611631286,0.008784357314052374,0.09193245778611632,1.0,0.9982326663733434,1592.0
random_alpha_24,0.11437494840243285,1618,spiky,0.33948074890297575,0.008924050632909492,0.6128830519074422,1.0,0.5532704840440446,1562.0
random_alpha_24,0.11437494840243285,1618,bursty,0.3300610813011429,0.0148616496576887,0.241400875547217,1.0,0.9380516640528559,1576.0
random_alpha_24,0.11437494840243285,1618,drifting,0.3051532010161738,0.005792480218841933,0.2270168855534709,1.0,0.9383211946070569,1589.0
random_alpha_24,0.11437494840243285,1618,inverted,0.3478636983074373,0.016155063291139415,0.45716072545340836,1.0,0.7813122095856728,1574.0
random_alpha_24,0.11437494840243285,2718,smooth,0.3326748751864577,0.012685858590904125,0.41150719199499686,1.0,0.8295948450114988,1492.0
random_alpha_24,0.11437494840243285,2718,balanced,0.2802629442894665,0.008588741986768206,0.09130706691682301,1.0,0.9982827511969292,1586.0
random_alpha_24,0.11437494840243285,2718,spiky,0.3380446266844564,0.014905063291141413,0.6116322701688556,1.0,0.5530385379038204,1570.0
random_alpha_24,0.11437494840243285,2718,bursty,0.337028122582662,0.009375198122990605,0.2407754846779237,1.0,0.9396689922883614,1577.0
random_alpha_24,0.11437494840243285,2718,drifting,0.3057943258241284,0.013802378795459591,0.2270168855534709,1.0,0.9379737257415519,1590.0
random_alpha_24,0.11437494840243285,2718,inverted,0.348327285095944,0.012768987341772772,0.45653533458411505,1.0,0.7807359611556737,1585.0
random_alpha_24,0.11437494840243285,3141,smooth,0.3301620642142103,0.01579561749993994,0.4083802376485303,1.0,0.8314080453973948,1566.0
random_alpha_24,0.11437494840243285,3141,balanced,0.27964459671200637,0.01986297235824358,0.0906816760475297,1.0,0.9981429682230253,1592.0
random_alpha_24,0.11437494840243285,3141,spiky,0.3398093689393206,0.006914556962026086,0.6160100062539087,1.0,0.5501007630799822,1540.0
random_alpha_24,0.11437494840243285,3141,bursty,0.33553626093874245,0.03634483859118744,0.24390243902439024,1.0,0.9370844512640373,1580.0
random_alpha_24,0.11437494840243285,3141,drifting,0.30619371287808633,0.012712735517190474,0.225140712945591,1.0,0.937251902491132,1575.0
random_alpha_24,0.11437494840243285,3141,inverted,0.34882248673342015,0.007420886075948985,0.4709193245778612,1.0,0.76619431837862,1575.0
random_alpha_24,0.11437494840243285,4159,smooth,0.3339178582043514,0.016728894821968585,0.4052532833020638,1.0,0.8311627705146971,1566.0
random_alpha_24,0.11437494840243285,4159,balanced,0.2793720973664525,0.010138534823504963,0.08818011257035648,1.0,0.9984885967532346,1592.0
random_alpha_24,0.11437494840243285,4159,spiky,0.33808153417567843,0.008655063291136605,0.6135084427767354,1.0,0.5536441401112389,1555.0
random_alpha_24,0.11437494840243285,4159,bursty,0.3279859310077989,0.029549638049295293,0.24327704815509693,1.0,0.9369151483788529,1572.0
random_alpha_24,0.11437494840243285,4159,drifting,0.30316399549683887,0.017637679066099476,0.22138836772983114,1.0,0.9398324837621466,1575.0
random_alpha_24,0.11437494840243285,4159,inverted,0.35034743352826264,0.01653481012658249,0.46904315196998125,1.0,0.7679834386945217,1582.0
random_alpha_25,0.42083555019267516,1618,smooth,0.22971020885066626,0.011785453912307266,0.0,1.0,0.8321731058836807,1549.0
random_alpha_25,0.42083555019267516,1618,balanced,0.27322069114897657,0.018533967706140464,0.0,1.0,0.9982020586903697,1589.0
random_alpha_25,0.42083555019267516,1618,spiky,0.3190464080005602,0.01441455696202365,0.31832395247029394,1.0,0.5507063652874006,1473.0
random_alpha_25,0.42083555019267516,1618,bursty,0.2515060670414107,0.04024337728492544,0.010006253908692933,1.0,0.9372569196745268,1577.0
random_alpha_25,0.42083555019267516,1618,drifting,0.2285388072141106,0.012847703238587985,0.0,1.0,0.9373956454854278,1590.0
random_alpha_25,0.42083555019267516,1618,inverted,0.22183651231466792,0.004572784810126587,0.0375234521575985,1.0,0.7710695835082939,1581.0
random_alpha_25,0.42083555019267516,2718,smooth,0.23231207709567003,0.011330223042953953,0.0,1.0,0.8324560117845106,1516.0
random_alpha_25,0.42083555019267516,2718,balanced,0.27492003222316247,0.013330599618940647,0.0,1.0,0.998477254389,1591.0
random_alpha_25,0.42083555019267516,2718,spiky,0.32323239910910045,0.006629746835442582,0.32895559724828016,1.0,0.5489283211646832,1511.0
random_alpha_25,0.42083555019267516,2718,bursty,0.25041607541027944,0.031006622715074747,0.006253908692933083,1.0,0.9400081729664979,1572.0
random_alpha_25,0.42083555019267516,2718,drifting,0.23037624801604256,0.011197621204540403,0.0,1.0,0.9384241174621134,1590.0
random_alpha_25,0.42083555019267516,2718,inverted,0.2234810883137658,0.007009493670886213,0.03689806128830519,1.0,0.7709854308963259,1584.0
random_alpha_25,0.42083555019267516,3141,smooth,0.23347833707863436,0.011622564199066453,0.0,1.0,0.8340221659464359,1498.0
random_alpha_25,0.42083555019267516,3141,balanced,0.2736819073741371,0.01818569846816366,0.0,1.0,0.9982877586035636,1592.0
random_alpha_25,0.42083555019267516,3141,spiky,0.3187450025689107,0.011914556962023676,0.3058161350844278,1.0,0.5568653347890172,1543.0
random_alpha_25,0.42083555019267516,3141,bursty,0.24584257557665276,0.015788212127319012,0.005628517823639775,1.0,0.9425994637061532,1578.0
random_alpha_25,0.42083555019267516,3141,drifting,0.22960467012456945,0.01260304114410167,0.0,1.0,0.9385239168292042,1548.0
random_alpha_25,0.42083555019267516,3141,inverted,0.22628643120228725,0.0056487341772158695,0.03564727954971857,1.0,0.775668613216,1572.0
random_alpha_25,0.42083555019267516,4159,smooth,0.232313590230679,0.0053102018120002314,0.0,1.0,0.8324994866915334,1479.0
random_alpha_25,0.42083555019267516,4159,balanced,0.27348486905742586,0.009963283230422004,0.0,1.0,0.998367239565607,1592.0
random_alpha_25,0.42083555019267516,4159,spiky,0.31132450508373993,0.008844936708862203,0.300187617260788,1.0,0.5583599590577945,1514.0
random_alpha_25,0.42083555019267516,4159,bursty,0.24964104575629323,0.025347957630495813,0.010006253908692933,1.0,0.9371259141803041,1578.0
random_alpha_25,0.42083555019267516,4159,drifting,0.23019488016120412,0.010301150732027142,0.0,1.0,0.9416690767098344,1522.0
random_alpha_25,0.42083555019267516,4159,inverted,0.22128782919488268,0.007025316455696359,0.032520325203252036,1.0,0.774839906950097,1581.0
random_alpha_26,0.552391099267049,1618,smooth,0.19211817010713692,0.01584006889983037,0.0,1.0,0.8317313959838072,1554.0
random_alpha_26,0.552391099267049,1618,balanced,0.2516378329373476,0.004836359241154331,0.0,1.0,0.9983943977923339,1591.0
random_alpha_26,0.552391099267049,1618,spiky,0.2415880350753503,0.010854430379746788,0.3158223889931207,1.0,0.5494951608725638,1563.0
random_alpha_26,0.552391099267049,1618,bursty,0.2572208004563775,0.0304206715666112,0.0068792995622263915,1.0,0.9384897166687979,1575.0
random_alpha_26,0.552391099267049,1618,drifting,0.2268093210636178,0.010986073731654333,0.0012507817385866166,1.0,0.9385851971079062,1583.0
random_alpha_26,0.552391099267049,1618,inverted,0.20213356868545723,0.005268987341772349,0.008755472170106316,1.0,0.7706012652763264,1578.0
random_alpha_26,0.552391099267049,2718,smooth,0.19555257989592395,0.01799221721658069,0.0,1.0,0.8345653365006968,1565.0
random_alpha_26,0.552391099267049,2718,balanced,0.25040249685907806,0.006602941299735307,0.0,1.0,0.9979707146564338,1591.0
random_alpha_26,0.552391099267049,2718,spiky,0.24353494799821435,0.010664556962022426,0.3151969981238274,1.0,0.5554609467334941,1563.0
random_alpha_26,0.552391099267049,2718,bursty,0.2625442409585022,0.025243377284925275,0.0050031269543464665,1.0,0.9358752267156284,1568.0
random_alpha_26,0.552391099267049,2718,drifting,0.22575956141131187,0.008197658956956164,0.0,1.0,0.9356126546467105,1585.0
random_alpha_26,0.552391099267049,2718,inverted,0.20291996515027103,0.005268987341772766,0.008755472170106316,1.0,0.7726666210141958,1583.0
random_alpha_26,0.552391099267049,3141,smooth,0.19612426249869322,0.007235503736279021,0.0,1.0,0.832071714130795,1535.0
random_alpha_26,0.552391099267049,3141,balanced,0.2505788805590131,0.008963287235233694,0.0,1.0,0.9982407771678748,1591.0
random_alpha_26,0.552391099267049,3141,spiky,0.244084030460138,0.00884493670885858,0.316447779862414,1.0,0.551311967494819,1535.0
random_alpha_26,0.552391099267049,3141,bursty,0.25718389005243775,0.029687386765538157,0.004377736085053158,1.0,0.9345557677951852,1533.0
random_alpha_26,0.552391099267049,3141,drifting,0.22582856309782628,0.007407452431025752,0.0006253908692933083,1.0,0.9380653207496827,1566.0
random_alpha_26,0.552391099267049,3141,inverted,0.20465844838893169,0.007231012658227648,0.008130081300813009,1.0,0.771729984550261,1573.0
random_alpha_26,0.552391099267049,4159,smooth,0.19612560340478094,0.011878696422915835,0.0,1.0,0.8329378530094648,1564.0
random_alpha_26,0.552391099267049,4159,balanced,0.2517464326740364,0.012638534823504965,0.0,1.0,0.9980157641631487,1591.0
random_alpha_26,0.552391099267049,4159,spiky,0.24402313303439366,0.00857594936709176,0.31269543464665417,1.0,0.554017796178433,1569.0
random_alpha_26,0.552391099267049,4159,bursty,0.25180733968597746,0.02784418232760061,0.0050031269543464665,1.0,0.9364053278270891,1576.0
random_alpha_26,0.552391099267049,4159,drifting,0.22602443312424744,0.009826523124917066,0.0,1.0,0.9410655315672612,1584.0
random_alpha_26,0.552391099267049,4159,inverted,0.2019476229021692,0.007025316455696762,0.005628517823639775,1.0,0.7759686262240315,1571.0
random_alpha_27,0.4364843634583667,1618,smooth,0.18302776579086263,0.01359990980827569,0.0,1.0,0.8315156405375634,1567.0
random_alpha_27,0.4364843634583667,1618,balanced,0.24204002772401628,0.014006543824847048,0.0,1.0,0.9982106462489281,1591.0
random_alpha_27,0.4364843634583667,1618,spiky,0.2371223924025298,0.008939873417722524,0.3145716072545341,1.0,0.553876086251463,1551.0
random_alpha_27,0.4364843634583667,1618,bursty,0.24334445890054213,0.0172683232182589,0.0050031269543464665,1.0,0.9350709513747824,1580.0
random_alpha_27,0.4364843634583667,1618,drifting,0.2518407164225541,0.01989500977405502,0.0,1.0,0.9359344168403235,1590.0
random_alpha_27,0.4364843634583667,1618,inverted,0.2019005279309455,0.008275316455696374,0.017510944340212633,1.0,0.773327022056163,1577.0
random_alpha_27,0.4364843634583667,2718,smooth,0.18614370447089845,0.014757478929861775,0.0,1.0,0.8346075575094299,1558.0
random_alpha_27,0.4364843634583667,2718,balanced,0.24067905803887385,0.007801490019046592,0.0,1.0,0.9983487166002373,1586.0
random_alpha_27,0.4364843634583667,2718,spiky,0.23856311844333042,0.01191455696202244,0.3145716072545341,1.0,0.553876086251463,1567.0
random_alpha_27,0.4364843634583667,2718,bursty,0.24673401741609238,0.014554359889608723,0.0068792995622263915,1.0,0.938951851879782,1584.0
random_alpha_27,0.4364843634583667,2718,drifting,0.24765924479327964,0.019894077264357796,0.0,1.0,0.9367918427686331,1588.0
random_alpha_27,0.4364843634583667,2718,inverted,0.20340538638094102,0.008860759493671114,0.01938711694809256,1.0,0.7751161423720647,1581.0
random_alpha_27,0.4364843634583667,3141,smooth,0.1841405797011692,0.014686206322662577,0.0,1.0,0.8332468572309674,1552.0
random_alpha_27,0.4364843634583667,3141,balanced,0.24098855840923764,0.007717400906262217,0.0,1.0,0.9982521639161342,1591.0
random_alpha_27,0.4364843634583667,3141,spiky,0.237797573837971,0.006075949367092992,0.3133208255159475,1.0,0.55522900059327,1545.0
random_alpha_27,0.4364843634583667,3141,bursty,0.24351693314129164,0.012533574084196253,0.005628517823639775,1.0,0.9369768521824391,1579.0
random_alpha_27,0.4364843634583667,3141,drifting,0.23977691653654037,0.02268097430091491,0.0,1.0,0.9412182869355026,1566.0
random_alpha_27,0.4364843634583667,3141,inverted,0.20358885907190571,0.009351265822784158,0.01876172607879925,1.0,0.7720062199722286,1584.0
random_alpha_27,0.4364843634583667,4159,smooth,0.18283464242673275,0.00809275632247966,0.0,1.0,0.8328758289627304,1559.0
random_alpha_27,0.4364843634583667,4159,balanced,0.24242056682226068,0.01090748692887955,0.0,1.0,0.9985004417113197,1591.0
random_alpha_27,0.4364843634583667,4159,spiky,0.2368305338060862,0.006344936708862187,0.31832395247029394,1.0,0.5493534509455936,1547.0
random_alpha_27,0.4364843634583667,4159,bursty,0.24349228968001094,0.021066969508890906,0.010631644777986242,1.0,0.9364362602823303,1579.0
random_alpha_27,0.4364843634583667,4159,drifting,0.24595739483626516,0.012378101691253432,0.0006253908692933083,1.0,0.9410869182802359,1550.0
random_alpha_27,0.4364843634583667,4159,inverted,0.20131732171141078,0.0031012658227851514,0.016885553470919325,1.0,0.7751161423720647,1568.0
random_alpha_28,0.8444828589470758,1618,smooth,0.26616220731219925,0.01666975738443753,0.26454033771106944,1.0,0.836580661901924,1564.0
random_alpha_28,0.8444828589470758,1618,balanced,0.24349625481609663,0.0068071619774422165,0.0,1.0,0.9983671172447601,1590.0
random_alpha_28,0.8444828589470758,1618,spiky,0.30769896249963624,0.010870253164554991,0.5347091932457786,1.0,0.5498173432260419,1557.0
random_alpha_28,0.8444828589470758,1618,bursty,0.27893282379624645,0.010325501695003583,0.10694183864915573,1.0,0.9358276742218954,1579.0
random_alpha_28,0.8444828589470758,1618,drifting,0.2968190236824214,0.01701226349964824,0.11757348342714197,1.0,0.9382536167321908,1587.0
random_alpha_28,0.8444828589470758,1618,inverted,0.3185117223444049,0.024731012658227303,0.3808630393996248,1.0,0.7727507736261637,1581.0
random_alpha_28,0.8444828589470758,2718,smooth,0.2646231356172669,0.008916060093453748,0.257661038148843,1.0,0.8382154796999656,1557.0
random_alpha_28,0.8444828589470758,2718,balanced,0.243579550580485,0.009328884000228105,0.0,1.0,0.9982718107108147,1588.0
random_alpha_28,0.8444828589470758,2718,spiky,0.3103191510649926,0.005174050632907018,0.5315822388993121,1.0,0.5604087118202739,1557.0
random_alpha_28,0.8444828589470758,2718,bursty,0.2789069570713852,0.014594780821069422,0.10444027517198248,1.0,0.93775842256247,1572.0
random_alpha_28,0.8444828589470758,2718,drifting,0.30080216826576817,0.014611413931538239,0.11882426516572858,1.0,0.937535969392559,1589.0
random_alpha_28,0.8444828589470758,2718,inverted,0.31987316316057346,0.03044303797468352,0.3771106941838649,1.0,0.7765448746540308,1579.0
random_alpha_28,0.8444828589470758,3141,smooth,0.26342975765275417,0.007483374401505712,0.26454033771106944,1.0,0.8359076002237669,1580.0
random_alpha_28,0.8444828589470758,3141,balanced,0.24337885116309518,0.0059041638561668774,0.0,1.0,0.9982798505278859,1590.0
random_alpha_28,0.8444828589470758,3141,spiky,0.3097224188261588,0.006139240506327845,0.5328330206378987,1.0,0.5556541303741804,1555.0
random_alpha_28,0.8444828589470758,3141,bursty,0.27162931572864124,0.008225470515062575,0.10256410256410256,1.0,0.9361156580323319,1570.0
random_alpha_28,0.8444828589470758,3141,drifting,0.296198295030026,0.02204910971581324,0.1050656660412758,1.0,0.9413817933213798,1567.0
random_alpha_28,0.8444828589470758,3141,inverted,0.3186687457837484,0.022784810126581928,0.38398999374609133,1.0,0.7687279923484567,1576.0
random_alpha_28,0.8444828589470758,4159,smooth,0.2735240383910417,0.012359300152995356,0.2682926829268293,1.0,0.8280521818962796,1561.0
random_alpha_28,0.8444828589470758,4159,balanced,0.24415028308020034,0.006388073736516051,0.0,1.0,0.9982834042288218,1589.0
random_alpha_28,0.8444828589470758,4159,spiky,0.30849010222776546,0.006914556962021243,0.5347091932457786,1.0,0.5521107533429237,1556.0
random_alpha_28,0.8444828589470758,4159,bursty,0.27641283559383084,0.009089105792174049,0.10318949343339587,1.0,0.9371343614122061,1576.0
random_alpha_28,0.8444828589470758,4159,drifting,0.2961365780667517,0.027909426227219147,0.11632270168855535,1.0,0.9391595357488889,1567.0
random_alpha_28,0.8444828589470758,4159,inverted,0.31925630828297336,0.023481012658227662,0.3789868667917448,1.0,0.7735191048661627,1568.0
random_alpha_29,0.8277090371043172,1618,smooth,0.28183895762517647,0.02185648858317865,0.21450906816760476,1.0,0.8332502225425955,1556.0
random_alpha_29,0.8277090371043172,1618,balanced,0.24038180926552857,0.023722085315267247,0.0,1.0,0.9980205786658967,1584.0
random_alpha_29,0.8277090371043172,1618,spiky,0.3172136138278405,0.0028955696202544318,0.50093808630394,1.0,0.5516856235620133,1509.0
random_alpha_29,0.8277090371043172,1618,bursty,0.2631573823320527,0.019203190528769967,0.07254534083802376,1.0,0.9348234673951589,1545.0
random_alpha_29,0.8277090371043172,1618,drifting,0.25673956597446335,0.00975731457428243,0.0900562851782364,1.0,0.9371860935836005,1578.0
random_alpha_29,0.8277090371043172,1618,inverted,0.32228756921270046,0.020601265822784223,0.3527204502814259,1.0,0.768620062150425,1577.0
random_alpha_29,0.8277090371043172,2718,smooth,0.2881870808475366,0.02225981146141194,0.21575984990619138,1.0,0.8332504663122633,1451.0
random_alpha_29,0.8277090371043172,2718,balanced,0.24069725753523266,0.013873362129769348,0.0,1.0,0.998308012289697,1590.0
random_alpha_29,0.8277090371043172,2718,spiky,0.31835080157584267,0.0073101265822787115,0.4971857410881801,1.0,0.5554609467334941,1550.0
random_alpha_29,0.8277090371043172,2718,bursty,0.2562708183534101,0.015290625751199508,0.06629143214509069,1.0,0.941375201916381,1588.0
random_alpha_29,0.8277090371043172,2718,drifting,0.2558436222126542,0.010042037389072514,0.09255784865540963,1.0,0.9369787585256436,1589.0
random_alpha_29,0.8277090371043172,2718,inverted,0.31953704384802445,0.019018987341772778,0.3458411507191995,1.0,0.7760527788359995,1579.0
random_alpha_29,0.8277090371043172,3141,smooth,0.2861229239181933,0.02080533355742501,0.2176360225140713,1.0,0.8336740412051762,1495.0
random_alpha_29,0.8277090371043172,3141,balanced,0.24164408320819772,0.029314301531836354,0.0,1.0,0.9984565441495371,1584.0
random_alpha_29,0.8277090371043172,3141,spiky,0.31925522362552444,0.00941455696202366,0.5003126954346466,1.0,0.5536441401112389,1530.0
random_alpha_29,0.8277090371043172,3141,bursty,0.2564018808128871,0.02059633014490754,0.06816760475297061,1.0,0.9392805925526855,1542.0
random_alpha_29,0.8277090371043172,3141,drifting,0.2522337476960059,0.013722728795798098,0.08505315822388994,1.0,0.9398672072705029,1576.0
random_alpha_29,0.8277090371043172,3141,inverted,0.32158961886573617,0.03348101265822723,0.3439649781113196,1.0,0.7785023001938685,1576.0
random_alpha_29,0.8277090371043172,4159,smooth,0.28586985324237013,0.011375794569924283,0.217010631644778,1.0,0.8331856675652489,1460.0
random_alpha_29,0.8277090371043172,4159,balanced,0.23880426812886082,0.009584900130174837,0.0,1.0,0.9979739934597499,1584.0
random_alpha_29,0.8277090371043172,4159,spiky,0.31648198897524876,0.008006329113926638,0.4996873045653533,1.0,0.5528968279768502,1537.0
random_alpha_29,0.8277090371043172,4159,bursty,0.2582023355709234,0.02757829840735275,0.07129455909943715,1.0,0.939179823868772,1542.0
random_alpha_29,0.8277090371043172,4159,drifting,0.2539420017782285,0.009254411298115314,0.08567854909318325,1.0,0.9406941066487977,1576.0
random_alpha_29,0.8277090371043172,4159,inverted,0.3186833756773675,0.01707278481012621,0.3433395872420263,1.0,0.7766290272659987,1571.0
random_alpha_30,0.2155044626931295,1618,smooth,0.21946814715335608,0.010066647273527261,0.11632270168855535,1.0,0.8307204193452133,1561.0
random_alpha_30,0.2155044626931295,1618,balanced,0.23979032812115644,0.004119044368315478,0.0,1.0,0.998281250074234,1591.0
random_alpha_30,0.2155044626931295,1618,spiky,0.27080569436617874,0.005174050632911889,0.43964978111319575,1.0,0.5507063652874006,1561.0
random_alpha_30,0.2155044626931295,1618,bursty,0.25329861535057374,0.015829328433388815,0.043777360850531584,1.0,0.9340164457173356,1578.0
random_alpha_30,0.2155044626931295,1618,drifting,0.24197453205200065,0.004701416261242611,0.04002501563477173,1.0,0.9389434629560778,1589.0
random_alpha_30,0.2155044626931295,1618,inverted,0.27060939183728877,0.009398734177214874,0.2632895559724828,1.0,0.7728587038241956,1577.0
random_alpha_30,0.2155044626931295,2718,smooth,0.21749539299751353,0.01327726592059273,0.11694809255784866,1.0,0.8300921385150504,1538.0
random_alpha_30,0.2155044626931295,2718,balanced,0.2403562115362487,0.006647035532920634,0.0,1.0,0.9981912961837668,1586.0
random_alpha_30,0.2155044626931295,2718,spiky,0.26973988360785917,0.008164556962024866,0.43839899937460913,1.0,0.5554609467334941,1552.0
random_alpha_30,0.2155044626931295,2718,bursty,0.25202190034846667,0.012440767556534227,0.0375234521575985,1.0,0.9375068254132001,1578.0
random_alpha_30,0.2155044626931295,2718,drifting,0.2427550465130574,0.009343640577212986,0.041901188242651655,1.0,0.9370910687504037,1591.0
random_alpha_30,0.2155044626931295,2718,inverted,0.26840365075942124,0.012768987341772384,0.2589118198874296,1.0,0.7766290272659987,1580.0
random_alpha_30,0.2155044626931295,3141,smooth,0.22130105787335774,0.014266094269344491,0.11444652908067542,1.0,0.8327652093299923,1554.0
random_alpha_30,0.2155044626931295,3141,balanced,0.24016307941548573,0.005442246606724044,0.0,1.0,0.9981666977343647,1591.0
random_alpha_30,0.2155044626931295,3141,spiky,0.26876025579280993,0.008164556962022451,0.442151344590369,1.0,0.5501909992932362,1549.0
random_alpha_30,0.2155044626931295,3141,bursty,0.25415516775801994,0.024487860911542633,0.04065040650406504,1.0,0.9394557935575668,1571.0
random_alpha_30,0.2155044626931295,3141,drifting,0.2450903251711538,0.010727548593341851,0.04002501563477173,1.0,0.9398603028422352,1573.0
random_alpha_30,0.2155044626931295,3141,inverted,0.2713232044724347,0.007958860759494132,0.2707942464040025,1.0,0.767023024644523,1568.0
random_alpha_30,0.2155044626931295,4159,smooth,0.2181290802877889,0.017224228685630102,0.11632270168855535,1.0,0.8308967780256604,1554.0
random_alpha_30,0.2155044626931295,4159,balanced,0.24010428306255577,0.0055434475515586945,0.0,1.0,0.9981996668291002,1591.0
random_alpha_30,0.2155044626931295,4159,spiky,0.2703502903245218,0.005775316455697094,0.4346466541588493,1.0,0.5598933458261094,1553.0
random_alpha_30,0.2155044626931295,4159,bursty,0.25726162888956217,0.01811874931181813,0.043151969981238276,1.0,0.9369850002866909,1571.0
random_alpha_30,0.2155044626931295,4159,drifting,0.24540361795862484,0.01743963083988076,0.04002501563477173,1.0,0.9372835996302239,1573.0
random_alpha_30,0.2155044626931295,4159,inverted,0.2684899416841043,0.009731012658227622,0.2589118198874296,1.0,0.7764369444559989,1582.0
random_alpha_31,0.6174705763624556,1618,smooth,0.20234137357859322,0.01666975738443753,0.0,1.0,0.833171166736188,1528.0
random_alpha_31,0.6174705763624556,1618,balanced,0.2531290365420678,0.007674395882694529,0.0,1.0,0.9984019701021132,1592.0
random_alpha_31,0.6174705763624556,1618,spiky,0.24155420090043175,0.006993670886072154,0.30956848030018763,1.0,0.5559763127276586,1559.0
random_alpha_31,0.6174705763624556,1618,bursty,0.24660352184826953,0.01669149002558562,0.012507817385866166,1.0,0.9385315389171415,1586.0
random_alpha_31,0.6174705763624556,1618,drifting,0.2421039871607454,0.015791241063413647,0.0006253908692933083,1.0,0.9373511428252318,1580.0
random_alpha_31,0.6174705763624556,1618,inverted,0.2242144285272181,0.011170886075948988,0.07191994996873045,1.0,0.7739874230981302,1579.0
random_alpha_31,0.6174705763624556,2718,smooth,0.20033883409445166,0.011052339095285899,0.0,1.0,0.8333161114245164,1546.0
random_alpha_31,0.6174705763624556,2718,balanced,0.25291959667478214,0.004684954583727141,0.0,1.0,0.9982695469474843,1587.0
random_alpha_31,0.6174705763624556,2718,spiky,0.24378915480648605,0.005395569620255669,0.316447779862414,1.0,0.551311967494819,1554.0
random_alpha_31,0.6174705763624556,2718,bursty,0.2486628197355706,0.013910746500594331,0.013133208255159476,1.0,0.936932528420659,1581.0
random_alpha_31,0.6174705763624556,2718,drifting,0.2430043344451292,0.005561016350185688,0.0,1.0,0.9379883609486654,1590.0
random_alpha_31,0.6174705763624556,2718,inverted,0.22495820034679187,0.006724683544303653,0.07379612257661038,1.0,0.7720062199722286,1567.0
random_alpha_31,0.6174705763624556,3141,smooth,0.1974884936108311,0.008175200084913924,0.0,1.0,0.8329249376646329,1537.0
random_alpha_31,0.6174705763624556,3141,balanced,0.25348171432890526,0.007759050263957415,0.0,1.0,0.9979847359772702,1592.0
random_alpha_31,0.6174705763624556,3141,spiky,0.24503500751475746,0.009825949367090525,0.31957473420888055,1.0,0.551402203708073,1558.0
random_alpha_31,0.6174705763624556,3141,bursty,0.24666303709855159,0.015486218977499855,0.0150093808630394,1.0,0.9353541033227916,1577.0
random_alpha_31,0.6174705763624556,3141,drifting,0.2432084498714406,0.0073540232141886125,0.0,1.0,0.940760297758682,1584.0
random_alpha_31,0.6174705763624556,3141,inverted,0.22388908836897664,0.010427215189873773,0.07317073170731707,1.0,0.7747319767520652,1568.0
random_alpha_31,0.6174705763624556,4159,smooth,0.20018842401127598,0.014725738288435847,0.0,1.0,0.8334288549045118,1571.0
random_alpha_31,0.6174705763624556,4159,balanced,0.25368435849061644,0.008503109172007708,0.0,1.0,0.9983643301309769,1592.0
random_alpha_31,0.6174705763624556,4159,spiky,0.24240834530224364,0.005094936708859743,0.3133208255159475,1.0,0.5546233983858515,1556.0
random_alpha_31,0.6174705763624556,4159,bursty,0.24866832745607906,0.01408910579217404,0.014383989993746092,1.0,0.9359465942515746,1577.0
random_alpha_31,0.6174705763624556,4159,drifting,0.24336445455200278,0.013539788185442214,0.0,1.0,0.9413404646527377,1576.0
random_alpha_31,0.6174705763624556,4159,inverted,0.2250707419364397,0.004224683544304192,0.07317073170731707,1.0,0.7720062199722286,1574.0
random_alpha_32,0.3207170108937793,1618,smooth,0.18941461767520293,0.013706859096848864,0.0012507817385866166,1.0,0.8298163672950244,1555.0
random_alpha_32,0.3207170108937793,1618,balanced,0.2658528929386914,0.003681573784279718,0.0,1.0,0.9982932478670086,1582.0
random_alpha_32,0.3207170108937793,1618,spiky,0.24685380522176686,0.012278481012654427,0.33520950594121324,1.0,0.5532704840440446,1549.0
random_alpha_32,0.3207170108937793,1618,bursty,0.2538788443413116,0.01285929421014563,0.021888680425265792,1.0,0.9383435472009181,1566.0
random_alpha_32,0.3207170108937793,1618,drifting,0.23071217396613944,0.007152296761412005,0.0025015634771732333,1.0,0.9373469459916477,1577.0
random_alpha_32,0.3207170108937793,1618,inverted,0.25554453875732863,0.025094936708860607,0.13696060037523453,1.0,0.7713458189302616,1575.0
random_alpha_32,0.3207170108937793,2718,smooth,0.19191975261242253,0.011492521070138137,0.0006253908692933083,1.0,0.8330048143940898,1549.0
random_alpha_32,0.3207170108937793,2718,balanced,0.2660146153029772,0.005584335767984602,0.0,1.0,0.9981704415005008,1582.0
random_alpha_32,0.3207170108937793,2718,spiky,0.24622238214671768,0.00857594936708933,0.33520950594121324,1.0,0.5530385379038204,1552.0
random_alpha_32,0.3207170108937793,2718,bursty,0.2519613736353277,0.011404631633743278,0.030644152595372107,1.0,0.9310363006662534,1575.0
random_alpha_32,0.3207170108937793,2718,drifting,0.2308356032970279,0.010244949285271004,0.00375234521575985,1.0,0.9344775548008609,1579.0
random_alpha_32,0.3207170108937793,2718,inverted,0.25505597023849735,0.03167721518987385,0.133833646028768,1.0,0.7719220673602607,1577.0
random_alpha_32,0.3207170108937793,3141,smooth,0.1904229379616214,0.00826468615142515,0.0012507817385866166,1.0,0.8324235924909538,1566.0
random_alpha_32,0.3207170108937793,3141,balanced,0.2658277131266302,0.015324263921812742,0.0,1.0,0.9983217214454165,1579.0
random_alpha_32,0.3207170108937793,3141,spiky,0.24618341045933226,0.012594936708857335,0.3333333333333333,1.0,0.5515953873487593,1547.0
random_alpha_32,0.3207170108937793,3141,bursty,0.25505732376335133,0.005379017439927081,0.03314571607254534,1.0,0.9295492028729835,1556.0
random_alpha_32,0.3207170108937793,3141,drifting,0.2302459323250892,0.009783244579598852,0.0025015634771732333,1.0,0.9391389407288822,1579.0
random_alpha_32,0.3207170108937793,3141,inverted,0.2552017241817594,0.029034810126581975,0.1350844277673546,1.0,0.7691963105804241,1582.0
random_alpha_32,0.3207170108937793,4159,smooth,0.19264204041075425,0.008842059071256382,0.0006253908692933083,1.0,0.8368866870945945,1566.0
random_alpha_32,0.3207170108937793,4159,balanced,0.26589491256879333,0.012088206822218242,0.0,1.0,0.9981952758020171,1579.0
random_alpha_32,0.3207170108937793,4159,spiky,0.24541636246618334,0.013924050632909496,0.33520950594121324,1.0,0.551221731281565,1553.0
random_alpha_32,0.3207170108937793,4159,bursty,0.24998163360975814,0.013566969508890914,0.015634771732332707,1.0,0.9423124935668764,1556.0
random_alpha_32,0.3207170108937793,4159,drifting,0.23024244076659167,0.012378101691253446,0.00375234521575985,1.0,0.9397398740391246,1579.0
random_alpha_32,0.3207170108937793,4159,inverted,0.2550384033924398,0.030806962025316867,0.1344590368980613,1.0,0.7729428564361635,1574.0
random_alpha_33,0.7347476589095757,1618,smooth,0.1916471793887707,0.01666975738443753,0.0300187617260788,1.0,0.8298786439737021,1564.0
random_alpha_33,0.7347476589095757,1618,balanced,0.23861100560298093,0.004386216877552196,0.0,1.0,0.9983995168415981,1590.0
random_alpha_33,0.7347476589095757,1618,spiky,0.26469039481433465,0.0103797468354426,0.3983739837398374,1.0,0.5439417935783656,1556.0
random_alpha_33,0.7347476589095757,1618,bursty,0.25584100296848034,0.02091751776581234,0.035021888680425266,1.0,0.9355416353387277,1565.0
random_alpha_33,0.7347476589095757,1618,drifting,0.2440110551394812,0.006707519781158078,0.0150093808630394,1.0,0.9409442108996483,1586.0
random_alpha_33,0.7347476589095757,1618,inverted,0.2545914643747932,0.00473101265822766,0.18761726078799248,1.0,0.7705171126643584,1581.0
random_alpha_33,0.7347476589095757,2718,smooth,0.19099817097068378,0.01758358898241303,0.02564102564102564,1.0,0.8304083469681577,1556.0
random_alpha_33,0.7347476589095757,2718,balanced,0.23789549366391172,0.004874916821050207,0.0,1.0,0.9983254737551347,1585.0
random_alpha_33,0.7347476589095757,2718,spiky,0.2611994067159958,0.01191455696202487,0.38586616635397125,1.0,0.553837323751925,1560.0
random_alpha_33,0.7347476589095757,2718,bursty,0.2515027789762887,0.014065644623996981,0.030644152595372107,1.0,0.9365200384454512,1573.0
random_alpha_33,0.7347476589095757,2718,drifting,0.24111734422366451,0.005388586068461751,0.01876172607879925,1.0,0.9361423119916676,1586.0
random_alpha_33,0.7347476589095757,2718,inverted,0.2573663531419033,0.0106012658227842,0.18761726078799248,1.0,0.7714537491282932,1575.0
random_alpha_33,0.7347476589095757,3141,smooth,0.19092663525797504,0.013320711574856342,0.029393370856785492,1.0,0.8341924183522886,1562.0
random_alpha_33,0.7347476589095757,3141,balanced,0.2379905799079771,0.006714624017703508,0.0,1.0,0.99836508078404,1590.0
random_alpha_33,0.7347476589095757,3141,spiky,0.26328499740381317,0.007689873417721316,0.39274546591619763,1.0,0.5428335365909609,1551.0
random_alpha_33,0.7347476589095757,3141,bursty,0.2516168104852509,0.013683623244629406,0.032520325203252036,1.0,0.9380583310455457,1585.0
random_alpha_33,0.7347476589095757,3141,drifting,0.24205961022019243,0.00856902569908509,0.017510944340212633,1.0,0.9395856362066081,1569.0
random_alpha_33,0.7347476589095757,3141,inverted,0.2584633424777926,0.010981012658227249,0.1894934333958724,1.0,0.770793348086326,1567.0
random_alpha_33,0.7347476589095757,4159,smooth,0.19102414601541806,0.016109300152995387,0.02626641651031895,1.0,0.8347288126024225,1543.0
random_alpha_33,0.7347476589095757,4159,balanced,0.23801925845784047,0.004253101529944653,0.0,1.0,0.9982961250138778,1590.0
random_alpha_33,0.7347476589095757,4159,spiky,0.2617689349575338,0.0073101265822787115,0.3977485928705441,1.0,0.5394706319862123,1563.0
random_alpha_33,0.7347476589095757,4159,bursty,0.25248513236396836,0.010399629677934744,0.031269543464665414,1.0,0.9383774996515308,1585.0
random_alpha_33,0.7347476589095757,4159,drifting,0.24233259699335938,0.005501396252530086,0.016885553470919325,1.0,0.939847101189576,1584.0
random_alpha_33,0.7347476589095757,4159,inverted,0.2593183262614495,0.014382911392404898,0.18511569731081925,1.0,0.777097345497966,1570.0
random_alpha_34,0.7835594094345035,1618,smooth,0.22798954362990248,0.007926257280571912,0.10694183864915573,1.0,0.8328563675514701,1565.0
random_alpha_34,0.7835594094345035,1618,balanced,0.24720669483354551,0.010050891805952145,0.0,1.0,0.9981434003730557,1592.0
random_alpha_34,0.7835594094345035,1618,spiky,0.27942040006783786,0.009810126582277479,0.43839899937460913,1.0,0.5535024301842687,1546.0
random_alpha_34,0.7835594094345035,1618,bursty,0.25735643521218304,0.01595701726715522,0.04252657911194497,1.0,0.9391336692780234,1571.0
random_alpha_34,0.7835594094345035,1618,drifting,0.2523550652706741,0.009571861635824838,0.04127579737335835,1.0,0.9389419510801136,1587.0
random_alpha_34,0.7835594094345035,1618,inverted,0.27813580248211167,0.005474683544303263,0.2620387742338962,1.0,0.7714537491282932,1582.0
random_alpha_34,0.7835594094345035,2718,smooth,0.22726724174793686,0.013751033407908828,0.1125703564727955,1.0,0.8325144973315752,1560.0
random_alpha_34,0.7835594094345035,2718,balanced,0.24706735263934393,0.009309588218048434,0.0,1.0,0.9984082608105243,1589.0
random_alpha_34,0.7835594094345035,2718,spiky,0.27858061303087045,0.005585443037973925,0.44027517198248906,1.0,0.5516856235620133,1565.0
random_alpha_34,0.7835594094345035,2718,bursty,0.2535333128446704,0.019374801877009393,0.04002501563477173,1.0,0.9361690237353993,1580.0
random_alpha_34,0.7835594094345035,2718,drifting,0.25248176086542784,0.00981022532308791,0.043151969981238276,1.0,0.9372004391712677,1590.0
random_alpha_34,0.7835594094345035,2718,inverted,0.27725806900197836,0.003829113924051039,0.2570356472795497,1.0,0.7742636585200978,1578.0
random_alpha_34,0.7835594094345035,3141,smooth,0.22740897722597042,0.009627435800933552,0.10819262038774234,1.0,0.8339253662956279,1581.0
random_alpha_34,0.7835594094345035,3141,balanced,0.24710471086324734,0.0067830724238894385,0.0,1.0,0.998166081458084,1592.0
random_alpha_34,0.7835594094345035,3141,spiky,0.27827929002488533,0.008354430379746772,0.43839899937460913,1.0,0.55522900059327,1544.0
random_alpha_34,0.7835594094345035,3141,bursty,0.2535040624715495,0.011999658346103767,0.04002501563477173,1.0,0.9384497812222155,1578.0
random_alpha_34,0.7835594094345035,3141,drifting,0.25174981344516983,0.006353041144101651,0.04127579737335835,1.0,0.9389874447103143,1567.0
random_alpha_34,0.7835594094345035,3141,inverted,0.27928840605487687,0.004525316455696357,0.2589118198874296,1.0,0.7745398939420655,1567.0
random_alpha_34,0.7835594094345035,4159,smooth,0.2271596278611226,0.013209836333907474,0.10694183864915573,1.0,0.8322336220763695,1572.0
random_alpha_34,0.7835594094345035,4159,balanced,0.24646583694602708,0.015138534823504982,0.0,1.0,0.9984500863370167,1587.0
random_alpha_34,0.7835594094345035,4159,spiky,0.2775257037598693,0.007879746835443818,0.43839899937460913,1.0,0.5522912257694318,1564.0
random_alpha_34,0.7835594094345035,4159,bursty,0.25913074167678884,0.010646175932585988,0.043151969981238276,1.0,0.93591622309409,1573.0
random_alpha_34,0.7835594094345035,4159,drifting,0.25035311976291913,0.008583133168389517,0.04065040650406504,1.0,0.9382311554053705,1567.0
random_alpha_34,0.7835594094345035,4159,inverted,0.2774878792556299,0.005427215189873005,0.2601626016260163,1.0,0.7715379017402613,1577.0
random_alpha_35,0.7791596513360998,1618,smooth,0.23286899679373793,0.02168660023583771,0.10318949343339587,1.0,0.8298926265170025,1534.0
random_alpha_35,0.7791596513360998,1618,balanced,0.25664586006631684,0.012705277170010618,0.0,1.0,0.9984858246107899,1592.0
random_alpha_35,0.7791596513360998,1618,spiky,0.2757535843491288,0.006424050632911876,0.4365228267667292,1.0,0.5529870641901042,1534.0
random_alpha_35,0.7791596513360998,1618,bursty,0.2688340372170122,0.017268323218258913,0.04002501563477173,1.0,0.9369684987376864,1567.0
random_alpha_35,0.7791596513360998,1618,drifting,0.228978072976238,0.013645009774055042,0.0375234521575985,1.0,0.9391385159720933,1583.0
random_alpha_35,0.7791596513360998,1618,inverted,0.27497076288832634,0.006186708860759907,0.25328330206378985,1.0,0.7716220543522292,1550.0
random_alpha_35,0.7791596513360998,2718,smooth,0.2346053352659712,0.026871930669140155,0.10631644777986242,1.0,0.8317572606430326,1538.0
random_alpha_35,0.7791596513360998,2718,balanced,0.2577027227470444,0.007102964467079351,0.0,1.0,0.9981316043024893,1591.0
random_alpha_35,0.7791596513360998,2718,spiky,0.2774778741322023,0.007784810126582886,0.4358974358974359,1.0,0.5530385379038204,1538.0
random_alpha_35,0.7791596513360998,2718,bursty,0.2731394240428162,0.01719018001134695,0.04065040650406504,1.0,0.9385587634112587,1581.0
random_alpha_35,0.7791596513360998,2718,drifting,0.2299316577268398,0.010244949285271004,0.039399624765478425,1.0,0.9379361315021982,1587.0
random_alpha_35,0.7791596513360998,2718,inverted,0.27496380004969595,0.009003164556962207,0.25265791119449654,1.0,0.7729428564361635,1574.0
random_alpha_35,0.7791596513360998,3141,smooth,0.23285464035038558,0.01813629314552155,0.09881175734834272,1.0,0.8349115429115053,1568.0
random_alpha_35,0.7791596513360998,3141,balanced,0.2581071716316476,0.010011615560873613,0.0,1.0,0.9981717071838652,1592.0
random_alpha_35,0.7791596513360998,3141,spiky,0.2735140933119104,0.00912974683544017,0.43151969981238275,1.0,0.5534121939710147,1536.0
random_alpha_35,0.7791596513360998,3141,bursty,0.2655685313949816,0.014243413193936766,0.039399624765478425,1.0,0.9371527137873946,1579.0
random_alpha_35,0.7791596513360998,3141,drifting,0.22909905907664616,0.008722728795798093,0.0375234521575985,1.0,0.9370916056275065,1545.0
random_alpha_35,0.7791596513360998,3141,inverted,0.2781939744204987,0.008101265822784559,0.25265791119449654,1.0,0.7774815111179656,1554.0
random_alpha_35,0.7791596513360998,4159,smooth,0.23506193426831576,0.021689100936776458,0.09568480300187618,1.0,0.8364567076490294,1577.0
random_alpha_35,0.7791596513360998,4159,balanced,0.25832465054548986,0.01092556651101255,0.0,1.0,0.9981716383191822,1592.0
random_alpha_35,0.7791596513360998,4159,spiky,0.27767657853394806,0.011756329113923034,0.43277048155096937,1.0,0.5556026566604643,1533.0
random_alpha_35,0.7791596513360998,4159,bursty,0.26699940585918086,0.016493554376869765,0.043777360850531584,1.0,0.9343139551347919,1579.0
random_alpha_35,0.7791596513360998,4159,drifting,0.23155094158955886,0.015118883263161367,0.03877423389618512,1.0,0.9391288017378501,1554.0
random_alpha_35,0.7791596513360998,4159,inverted,0.2748895442599315,0.011534810126581904,0.2501563477173233,1.0,0.7715379017402613,1563.0
random_alpha_36,0.8658936294648527,1618,smooth,0.2982123486554372,0.011276298051750962,0.33708567854909316,1.0,0.8318331573802158,1536.0
random_alpha_36,0.8658936294648527,1618,balanced,0.25387425292613486,0.003722085315267215,0.0050031269543464665,1.0,0.9985233003539778,1592.0
random_alpha_36,0.8658936294648527,1618,spiky,0.32637759642333114,0.007515822784812443,0.5766103814884302,1.0,0.5507063652874006,1536.0
random_alpha_36,0.8658936294648527,1618,bursty,0.2960947449715021,0.02832932843338884,0.1657285803627267,1.0,0.9349978839891068,1576.0
random_alpha_36,0.8658936294648527,1618,drifting,0.30831202791559403,0.026839788734859135,0.1651031894934334,1.0,0.9390462241253412,1587.0
random_alpha_36,0.8658936294648527,1618,inverted,0.3235853199578673,0.013275316455696365,0.42338961851156975,1.0,0.773242869444195,1566.0
random_alpha_36,0.8658936294648527,2718,smooth,0.2958339561965558,0.010083588982413044,0.3320825515947467,1.0,0.8352971032254232,1558.0
random_alpha_36,0.8658936294648527,2718,balanced,0.25800466436663383,0.004260703869723589,0.010631644777986242,1.0,0.9979984810297821,1586.0
random_alpha_36,0.8658936294648527,2718,spiky,0.32708824623469157,0.006439873417721301,0.574108818011257,1.0,0.5503327092202064,1543.0
random_alpha_36,0.8658936294648527,2718,bursty,0.29608940417326246,0.018061365330131918,0.16385240775484677,1.0,0.9376810515647211,1585.0
random_alpha_36,0.8658936294648527,2718,drifting,0.29362809142976504,0.023209353302174718,0.1651031894934334,1.0,0.939787064867549,1587.0
random_alpha_36,0.8658936294648527,2718,inverted,0.3226190941717793,0.008481012658227247,0.42276422764227645,1.0,0.7730507866341952,1572.0
random_alpha_36,0.8658936294648527,3141,smooth,0.29482802543149245,0.010613488315629464,0.33520950594121324,1.0,0.8316503279132449,1525.0
random_alpha_36,0.8658936294648527,3141,balanced,0.25400615023559314,0.006490086283724425,0.0050031269543464665,1.0,0.9985725983510114,1592.0
random_alpha_36,0.8658936294648527,3141,spiky,0.3224958173922828,0.0036392405063278427,0.5747342088805504,1.0,0.5507063652874006,1540.0
random_alpha_36,0.8658936294648527,3141,bursty,0.2969472109339412,0.016311264506991247,0.16135084427767354,1.0,0.9371507840396692,1579.0
random_alpha_36,0.8658936294648527,3141,drifting,0.2936990839074838,0.019315207491297448,0.16010006253908693,1.0,0.940977776540482,1584.0
random_alpha_36,0.8658936294648527,3141,inverted,0.3236877906779611,0.008275316455696749,0.42276422764227645,1.0,0.7724745382041961,1570.0
random_alpha_36,0.8658936294648527,4159,smooth,0.29456901791339474,0.011905534769409296,0.33646028767979985,1.0,0.8303359315707541,1547.0
random_alpha_36,0.8658936294648527,4159,balanced,0.259334019190356,0.009624761490274136,0.012507817385866166,1.0,0.9980405531492638,1592.0
random_alpha_36,0.8658936294648527,4159,spiky,0.3239720435899899,0.005664556962027306,0.5747342088805504,1.0,0.5519175697022375,1541.0
random_alpha_36,0.8658936294648527,4159,bursty,0.29769974650451886,0.01516329359012343,0.16760475297060662,1.0,0.9365069838314071,1579.0
random_alpha_36,0.8658936294648527,4159,drifting,0.29017011080657384,0.013645119670490813,0.15884928080050031,1.0,0.9441575462447438,1554.0
random_alpha_36,0.8658936294648527,4159,inverted,0.32468804135712215,0.010965189873418102,0.42151344590368983,1.0,0.7755844606040321,1570.0
random_alpha_37,0.4853253334798466,1618,smooth,0.21816989746058052,0.018351923016200748,0.0,1.0,0.8336997657130283,1572.0
random_alpha_37,0.4853253334798466,1618,balanced,0.23251028036822835,0.012462301234480028,0.0,1.0,0.9985240081391599,1575.0
random_alpha_37,0.4853253334798466,1618,spiky,0.27172099918894477,0.012721518987341932,0.32958098811757347,1.0,0.5443154496455598,1558.0
random_alpha_37,0.4853253334798466,1618,bursty,0.26107574310901915,0.017677849843654184,0.001876172607879925,1.0,0.9379264712798103,1563.0
random_alpha_37,0.4853253334798466,1618,drifting,0.2586819766759817,0.0196495548462033,0.0,1.0,0.9382256115015014,1573.0
random_alpha_37,0.4853253334798466,1618,inverted,0.21097760304148525,0.010981012658227263,0.0,1.0,0.7649814464927175,1569.0
random_alpha_37,0.4853253334798466,2718,smooth,0.21818634484820187,0.00685109876378083,0.0,1.0,0.8334008910996503,1582.0
random_alpha_37,0.4853253334798466,2718,balanced,0.2325806497676989,0.009402108834789147,0.0,1.0,0.99825141942623,1577.0
random_alpha_37,0.4853253334798466,2718,spiky,0.2690306076818447,0.02106012658227749,0.3158223889931207,1.0,0.5590945599780048,1585.0
random_alpha_37,0.4853253334798466,2718,bursty,0.2623766000753653,0.01167919259063889,0.0006253908692933083,1.0,0.941628014112593,1569.0
random_alpha_37,0.4853253334798466,2718,drifting,0.26036277795871354,0.02228515550192925,0.0,1.0,0.9367090832052319,1571.0
random_alpha_37,0.4853253334798466,2718,inverted,0.2094740781463278,0.014525316455696768,0.0,1.0,0.778094356987805,1582.0
random_alpha_37,0.4853253334798466,3141,smooth,0.2192968925332411,0.01699188132153307,0.0,1.0,0.8332691979774316,1559.0
random_alpha_37,0.4853253334798466,3141,balanced,0.23316393810108219,0.013472612262352773,0.0,1.0,0.9984474450786552,1575.0
random_alpha_37,0.4853253334798466,3141,spiky,0.2698729720608963,0.0164240506329119,0.3258286429018136,1.0,0.551350729994357,1532.0
random_alpha_37,0.4853253334798466,3141,bursty,0.2596091639200608,0.025087910131227964,0.00375234521575985,1.0,0.9381395179800778,1562.0
random_alpha_37,0.4853253334798466,3141,drifting,0.2599158978672991,0.014927937584292353,0.0,1.0,0.938561720905159,1576.0
random_alpha_37,0.4853253334798466,3141,inverted,0.21015492303679398,0.014936708860759942,0.0,1.0,0.7783705924097727,1581.0
random_alpha_37,0.4853253334798466,4159,smooth,0.21749238664327866,0.017810201812000256,0.0,1.0,0.8306781835351441,1567.0
random_alpha_37,0.4853253334798466,4159,balanced,0.23256698452985225,0.013043447551558729,0.0,1.0,0.9984503331112319,1574.0
random_alpha_37,0.4853253334798466,4159,spiky,0.27026870614544735,0.021028481012656877,0.31957473420888055,1.0,0.5420862244565723,1546.0
random_alpha_37,0.4853253334798466,4159,bursty,0.26130978870420485,0.012044561513868693,0.00375234521575985,1.0,0.9369600076204735,1562.0
random_alpha_37,0.4853253334798466,4159,drifting,0.25677607488609966,0.015173476875082928,0.0,1.0,0.935090101978036,1576.0
random_alpha_37,0.4853253334798466,4159,inverted,0.21412626184756722,0.007753164556962205,0.0,1.0,0.7792468538478035,1567.0
random_alpha_38,0.9333462557912859,1618,smooth,0.4507260101967581,0.09857974056874197,0.5866166353971232,1.0,0.8398920373761473,1352.0
random_alpha_38,0.9333462557912859,1618,balanced,0.415910046899678,0.0699968138627983,0.466541588492808,1.0,0.9982072016045072,1587.0
random_alpha_38,0.9333462557912859,1618,spiky,0.5085023810277276,0.11490506329113905,0.7110694183864915,1.0,0.5573292270694655,1144.0
random_alpha_38,0.9333462557912859,1618,bursty,0.40567877691225895,0.05101084420524213,0.4721701063164478,1.0,0.9363438871298796,1582.0
random_alpha_38,0.9333462557912859,1618,drifting,0.40115157714358357,0.047327552822136396,0.5034396497811132,1.0,0.9403246374648786,1587.0
random_alpha_38,0.9333462557912859,1618,inverted,0.45743820682175906,0.13367088607594899,0.5597248280175109,1.0,0.7696408512263279,1444.0
random_alpha_38,0.9333462557912859,2718,smooth,0.44928924296226574,0.08005769588714294,0.5953721075672295,1.0,0.8340585796291724,1350.0
random_alpha_38,0.9333462557912859,2718,balanced,0.42122261881632933,0.04077719201373885,0.46716697936210133,1.0,0.9982964279348217,1586.0
random_alpha_38,0.9333462557912859,2718,spiky,0.4978996383372537,0.0778797468354414,0.7166979362101313,1.0,0.5420347507428562,1213.0
random_alpha_38,0.9333462557912859,2718,bursty,0.4005960303351869,0.023033736546465358,0.47779862414008756,1.0,0.9411999733012669,1584.0
random_alpha_38,0.9333462557912859,2718,drifting,0.39140112616875655,0.01890341356819504,0.5015634771732332,1.0,0.9372417232569341,1586.0
random_alpha_38,0.9333462557912859,2718,inverted,0.45931798051994616,0.13830696202531645,0.5572232645403377,1.0,0.7713458189302616,1228.0
random_alpha_38,0.9333462557912859,3141,smooth,0.46246646649872225,0.09936544732108593,0.6066291432145091,1.0,0.8240985309466942,1269.0
random_alpha_38,0.9333462557912859,3141,balanced,0.41699149632832766,0.06969213966966398,0.466541588492808,1.0,0.998311199741499,1587.0
random_alpha_38,0.9333462557912859,3141,spiky,0.5064599769003448,0.11566455696202609,0.7041901188242652,1.0,0.555319236806524,1326.0
random_alpha_38,0.9333462557912859,3141,bursty,0.4102813384294839,0.053662089868772064,0.474671669793621,1.0,0.9348057646209439,1585.0
random_alpha_38,0.9333462557912859,3141,drifting,0.4052705944858949,0.060855374872064855,0.5034396497811132,1.0,0.941284108798825,1552.0
random_alpha_38,0.9333462557912859,3141,inverted,0.44976985266028446,0.11542721518987337,0.5565978736710444,1.0,0.7713458189302616,1461.0
random_alpha_38,0.9333462557912859,4159,smooth,0.4595790402454798,0.05434446523059066,0.6047529706066291,1.0,0.8241510863532375,1269.0
random_alpha_38,0.9333462557912859,4159,balanced,0.42207228133563623,0.03813808137857916,0.466541588492808,1.0,0.9985821133975148,1587.0
random_alpha_38,0.9333462557912859,4159,spiky,0.49864753580111026,0.08517405063290946,0.7010631644777986,1.0,0.5584889577705864,1432.0
random_alpha_38,0.9333462557912859,4159,bursty,0.4120308186797425,0.012567759410382559,0.4709193245778612,1.0,0.9387919016435169,1573.0
random_alpha_38,0.9333462557912859,4159,drifting,0.4062463211345946,0.012439630839880755,0.5078173858661663,1.0,0.937464501162409,1567.0
random_alpha_38,0.9333462557912859,4159,inverted,0.4633557386175622,0.14867088607594897,0.555972482801751,1.0,0.7737349652622263,1301.0
random_alpha_39,0.058509815180936744,1618,smooth,0.43475447377979926,0.02162329009315283,0.6353971232020013,1.0,0.8357437118301181,1507.0
random_alpha_39,0.058509815180936744,1618,balanced,0.42513764036771573,0.011256527588669296,0.5322076297686054,1.0,0.9982982951755901,1584.0
random_alpha_39,0.058509815180936744,1618,spiky,0.4383867824976448,0.009145569620250829,0.7223264540337712,1.0,0.5555124204472102,1510.0
random_alpha_39,0.058509815180936744,1618,bursty,0.4175999308833653,0.015757309969887154,0.535334584115072,1.0,0.9389037979832858,1587.0
random_alpha_39,0.058509815180936744,1618,drifting,0.40781521676394095,0.00450846916883213,0.541588492808005,1.0,0.9392181595061825,1584.0
random_alpha_39,0.058509815180936744,1618,inverted,0.4003709048784468,0.022405063291139407,0.5734834271419638,1.0,0.7732190918581311,1582.0
random_alpha_39,0.058509815180936744,2718,smooth,0.43773880935292714,0.01921524664950164,0.6360225140712945,1.0,0.8326658599983459,1509.0
random_alpha_39,0.058509815180936744,2718,balanced,0.42438130310151245,0.003320113287673468,0.5315822388993121,1.0,0.9984289902934664,1586.0
random_alpha_39,0.058509815180936744,2718,spiky,0.4417502157420444,0.014256329113926658,0.7248280175109444,1.0,0.551311967494819,1454.0
random_alpha_39,0.058509815180936744,2718,bursty,0.4165870099492401,0.01681136533013193,0.5347091932457786,1.0,0.9400284347959148,1583.0
random_alpha_39,0.058509815180936744,2718,drifting,0.4085234194544652,0.00931101635018565,0.5422138836772983,1.0,0.9381695986887699,1584.0
random_alpha_39,0.058509815180936744,2718,inverted,0.4014605526399162,0.0227373417721521,0.5753595997498436,1.0,0.7715141241541974,1576.0
random_alpha_39,0.058509815180936744,3141,smooth,0.431467742936068,0.01693580909798697,0.6385240775484677,1.0,0.8291267732977134,1482.0
random_alpha_39,0.058509815180936744,3141,balanced,0.42543507951495957,0.00721813352919598,0.5322076297686054,1.0,0.9981447497257825,1584.0
random_alpha_39,0.058509815180936744,3141,spiky,0.439615732345331,0.018085443037977558,0.7148217636022514,1.0,0.56338524914365,1481.0
random_alpha_39,0.058509815180936744,3141,bursty,0.41573442927675514,0.019208068797903127,0.5322076297686054,1.0,0.939514107178374,1579.0
random_alpha_39,0.058509815180936744,3141,drifting,0.40962237452083444,0.0060118452330036876,0.5409631019387117,1.0,0.9393666894566617,1585.0
random_alpha_39,0.058509815180936744,3141,inverted,0.40044104649506956,0.021344936708861187,0.5734834271419638,1.0,0.7729428564361635,1549.0
random_alpha_39,0.058509815180936744,4159,smooth,0.43486509582025873,0.01740794092874355,0.6353971232020013,1.0,0.8303764189993462,1465.0
random_alpha_39,0.058509815180936744,4159,balanced,0.42381255505544646,0.01148700267168766,0.5315822388993121,1.0,0.9981813171049768,1584.0
random_alpha_39,0.058509815180936744,4159,spiky,0.4388749931465288,0.01299050632911479,0.7191994996873046,1.0,0.5569040972885552,1450.0
random_alpha_39,0.058509815180936744,4159,bursty,0.4188552406823158,0.0161625036886318,0.5347091932457786,1.0,0.9366265923422962,1579.0
random_alpha_39,0.058509815180936744,4159,drifting,0.4094379900389596,0.00708992278503702,0.5384615384615384,1.0,0.9415193600529895,1585.0
random_alpha_39,0.058509815180936744,4159,inverted,0.39981861536083124,0.02044303797468315,0.575984990619137,1.0,0.7734349522541948,1550.0
