group,familiarity,surprise,inertia,openness,deep_pull,wake_pull,novel_but_fits,foreign_pressure,novel_fit_raw,foreign_pressure_raw,belief_tension
fibonacci_target,0.8013234312429708,0.5309414905482963,0.9911083017659084,0.008891698234088934,0.7766852100271745,0.8113680432794506,0.42714509700689884,0.09859572521291475,0.4314567416917762,0.09948474885652471,0.035059108488744974
generic_ternary_target,0.8008611549858398,0.46095251878947696,0.99102416313945,0.008975836860555102,0.7760426000821427,0.810953582147449,0.35562003171793016,0.10211694396206933,0.3581792330149898,0.10277328577449388,0.0352984527259225
coherent_variant,0.8013234312429708,0.5309414905482963,0.9911083017659084,0.008891698234088934,0.7766852100271745,0.8113680432794506,0.42714509700689884,0.09859572521291475,0.4314567416917762,0.09948474885652471,0.035059108488744974
internal_scramble,0.8008611549858398,0.46095251878947696,0.99102416313945,0.008975836860555102,0.7760426000821427,0.810953582147449,0.35562003171793016,0.10211694396206933,0.3581792330149898,0.10277328577449388,0.0352984527259225
