policy,label,repair_score,repair_gain,identity_restore,scene_restore,direction_restore,current_share,delayed_share,noisy_share,missing_share,wrong_share,overload_share,score_context
adaptive_context,Adaptive by damage + helper,0.8690543869036348,0.5012280362661166,0.8682653114909666,0.8690543869036348,0.8677027262472136,0.3337349397590361,0.3349397590361446,0.3313253012048193,0.32108433734939756,0.3337349397590361,0.34518072289156626,0.7951285525951344
always_fresh,Always fresh,0.8682833058285924,0.5008326969661191,0.867359077240197,0.8682833058285924,0.8668427362575124,0.32140829074389554,0.346961953435548,0.3316297558205565,0.3373083475298126,0.33446905167518454,0.3282226007950028,0.7943922529027567
adaptive_damage,Adaptive by damage,0.8659606906371982,0.5087292057144932,0.8652087348710118,0.8659606906371982,0.8647484895972739,0.3389524382901866,0.32390126429861527,0.33714629741119806,0.32691149909692957,0.3534015653220951,0.31968693558097533,0.7941821723434312
always_layered,Always layered,0.8665013801655386,0.5050667548832046,0.8657966753488893,0.8665013801655386,0.8650947585482586,0.32075471698113206,0.33726415094339623,0.3419811320754717,0.31721698113207547,0.34375,0.33903301886792453,0.79386252090315
always_deep,Always deep,0.8693258653071296,0.48880229716886137,0.8684548370981358,0.8693258653071296,0.8678670305938094,0.3393797542422469,0.32943241661790523,0.33118782913984784,0.3446459918080749,0.30953774136922174,0.34581626682270333,0.7928281208306792
adaptive_helper,Adaptive by helper,0.8644110814551536,0.5001591875763837,0.8635440943228049,0.8644110814551536,0.8628337046625801,0.32329921733895245,0.3329319686935581,0.3437688139674895,0.34918723660445516,0.3347381095725467,0.3160746538229982,0.7911506987340439
