family,label,access_fidelity,repair_score,repair_gain,shared_overlap_after_damage,trigger_rate,score_event,score_core
layered_recent_deep,Layered recent + deep,0.9997352733816407,0.7839778292141918,0.28447567106115085,0.891845202564,0.970763723150358,0.6934587766042404,0.6003570719554466
fresh_echo,Fresh echo,0.9997344891207067,0.7829467301841949,0.28437981093846754,0.8913880385882403,0.9754784688995215,0.6930004024583859,0.5997861587465108
medium_delay,Medium delay,0.9997383992197804,0.7819911901652464,0.28512701983953775,0.8910873405132714,0.9705215419501134,0.6928458034306444,0.5996099445871668
deep_trace,Deep trace,0.9997392037194106,0.782393696113297,0.2846589509401157,0.8909047976513401,0.9768133174791914,0.6928190393132718,0.5995764632747309
short_delay,Short delay,0.9997394286597723,0.7825938712063846,0.2843114150508316,0.8910823814798386,0.9696789536266349,0.6928115223914142,0.5995541652851815
frozen_old,Frozen old wake,0.9997387836815554,0.7815199815222885,0.2853346674462659,0.8906859664894243,0.98,0.6926830454764055,0.5994207536369498
no_return,No return,0.9997389854861898,0.7398756122061515,0.23937364673529996,0.8698377412570784,0.9756532066508313,0.6611920165785428,0.5591691453754499
