lane,golden_score,golden_gap
v42_prediction_error,0.8231771506985186,0.01409814707415713
v43_competition_pressure,0.8231771506985186,0.0
v38_phase_binding,0.7920863012658598,0.42663858511472375
v41_admission_band,0.7909234033885942,0.4225271335542195
v40_multiscale_binding,0.7809108113298241,0.41513804112405733
v39_multiscale_window,0.7760050914022179,0.41085543855780426
v37_field_presence,0.773511253168553,0.4058091328477664
